{"type": "btc", "txhash": "d662cbf78057c7548621843519413c83221cf92c9d924e4a57ea4c80d6e9ab93", "time": "2018-01-12 14:03:44+08:00", "suspect_from": ["3P1yGWXPTJXtS2o2kE2qvRrf5NgkJXAUDB"], "suspect_to": []}
{"type": "btc", "txhash": "46a414a9da9e55153de69d17f04704562a6b7e42243364e00591fb5fb8cef6b9", "time": "2018-01-12 14:03:44+08:00", "suspect_from": [], "suspect_to": ["37MsBifnLc4tp6SL8GXtnnzxCsjJFEAHf9"]}
{"type": "btc", "txhash": "6fd5f64b2bc601733f5b0812e982c51e13273c309889116c8a4d5436f7b99f07", "time": "2018-01-12 14:03:44+08:00", "suspect_from": [], "suspect_to": ["1FFmKCDSg6emJ1ngk5JbYPTWrKk18Cy6ZN", "19ZpWRk6ZR67VvAUbCzCe1wiBUvSAVc3SJ"]}
{"type": "btc", "txhash": "d8016b9c7f93d54bf7253a08e63ec35b1000e0ccc8592ee3909fa6593056a27f", "time": "2018-01-12 14:03:44+08:00", "suspect_from": [], "suspect_to": ["18kuvWwqrJNGVs21skvnFhipk2okLHnsgK"]}
{"type": "btc", "txhash": "fe3f60327562983e254ffb267f6f57ddadd35ce2a71c7a011640d136e32d51f6", "time": "2018-01-12 14:03:44+08:00", "suspect_from": [], "suspect_to": ["1PJtJXN4GeuhXJBUWy1197tpr5YDfbiCxd"]}
{"type": "btc", "txhash": "d16f4c777da2a104b7d99da14d15856bf77e2ff058c9b57fc6269c3d3bb3f941", "time": "2018-01-12 14:03:44+08:00", "suspect_from": [], "suspect_to": ["1HLLFAMRmLYym9S3Weup3TvUj3M1TyUZEm"]}
{"type": "btc", "txhash": "88b477138ba9cc9aa38e87754ea3bda59377ee0a5c929c12f40bf3ea84f2b21d", "time": "2018-01-12 14:13:58+08:00", "suspect_from": ["1DcKsGnjpD38bfj6RMxz945YwohZUTVLby"], "suspect_to": []}
{"type": "btc", "txhash": "a90e78e2fc83ef35fe9a5ab49539885256c9c5bf60d49ec23f29927138ce3f7f", "time": "2018-01-12 14:13:58+08:00", "suspect_from": ["3BLBPgLXuz1LXe96PZA1Tx6iGQwLKP32aE"], "suspect_to": ["3BLBPgLXuz1LXe96PZA1Tx6iGQwLKP32aE"]}
{"type": "btc", "txhash": "527c5a6ff772d761bf2a177aa46942deabbdcb03ac5756fb0324d59ebaf2bdc2", "time": "2018-01-12 14:13:58+08:00", "suspect_from": ["1J37CY8hcdUXQ1KfBhMCsUVafa8XjDsdCn"], "suspect_to": []}
{"type": "btc", "txhash": "52fc041607cead3c4e7027a40c0c25987cda6dd8246c4060698a8fc688f3939f", "time": "2018-01-12 14:13:58+08:00", "suspect_from": [], "suspect_to": ["1PS6ksYgPM6t7bhZe61caT4WD3txYm4f6m"]}
{"type": "btc", "txhash": "226d2df2e71d1c000f19a53b27b699f9296b64619e96043c88b447dcde9703da", "time": "2018-01-12 14:13:58+08:00", "suspect_from": [], "suspect_to": ["1QC7WR9NBXwrvckWrfo7JNRG253SfaS3DA"]}
{"type": "btc", "txhash": "2311891624a961e4e8693181120b42fc4af5544da71e14d389ffe6b376c58c69", "time": "2018-01-12 14:13:58+08:00", "suspect_from": ["1PJtJXN4GeuhXJBUWy1197tpr5YDfbiCxd"], "suspect_to": []}
{"type": "btc", "txhash": "399fda184fe95834a7933e46581ed2ea7cd5125055c1d770f126b6756a97f2a8", "time": "2018-01-12 14:13:58+08:00", "suspect_from": ["18kuvWwqrJNGVs21skvnFhipk2okLHnsgK"], "suspect_to": ["1DCYsoXaej9bC24Mxw1WV1Qn8PrtHNKZ75"]}
{"type": "btc", "txhash": "202c398c618074cc52c2dfbbf0c3e18717d27f13e99912987eecc0518d08002e", "time": "2018-01-12 14:39:29+08:00", "suspect_from": [], "suspect_to": ["19Lzk8quJs7afFp9yRkai3tCHTTnS71r9s"]}
{"type": "btc", "txhash": "6dddbf1b4d60effe30ac2e1f31d7d4a0137af871dba7c564a470ef256192e44f", "time": "2018-01-12 14:39:29+08:00", "suspect_from": ["1PS6ksYgPM6t7bhZe61caT4WD3txYm4f6m"], "suspect_to": []}
{"type": "btc", "txhash": "738586071555d60389d0e27650585d9f4fbced59705b84df533d081b395c60ae", "time": "2018-01-12 14:39:29+08:00", "suspect_from": [], "suspect_to": ["37MsBifnLc4tp6SL8GXtnnzxCsjJFEAHf9"]}
{"type": "btc", "txhash": "645428c3894fd80c600e2ff48e4c4873d1760035af3240b46e087eb9c7498348", "time": "2018-01-12 14:39:29+08:00", "suspect_from": [], "suspect_to": ["1FFmKCDSg6emJ1ngk5JbYPTWrKk18Cy6ZN"]}
{"type": "btc", "txhash": "73b21693850d44bc1b3f5e286551280db677622391f417cb259193fb9dce5406", "time": "2018-01-12 14:39:29+08:00", "suspect_from": [], "suspect_to": ["1Em28Tg29Ax2s3pYPMEEN6RLxth2b6eLNP", "19ZpWRk6ZR67VvAUbCzCe1wiBUvSAVc3SJ"]}
{"type": "btc", "txhash": "6532376197c482844d9dd7daceaaa976f6302f51416cc038a1567b59f2db5676", "time": "2018-01-12 14:39:29+08:00", "suspect_from": ["1DCYsoXaej9bC24Mxw1WV1Qn8PrtHNKZ75"], "suspect_to": []}
{"type": "btc", "txhash": "b228341595251ee7967b5135c2492749c2c6cad99eaaaa40f0c7f4521c8b2bd5", "time": "2018-01-12 14:39:29+08:00", "suspect_from": [], "suspect_to": ["16HzZtVpumqVETMNo7RegfMJH6gtSujMKF"]}
{"type": "btc", "txhash": "8c7ef40a6193233cd344f20e1eb45e5d535d8c75c56a56736cf45e6442dd4c51", "time": "2018-01-12 14:39:29+08:00", "suspect_from": ["1QC7WR9NBXwrvckWrfo7JNRG253SfaS3DA"], "suspect_to": ["1G2sdwcnqZvDiiZMfZvN17tts1XmfAgic"]}
{"type": "btc", "txhash": "1fd0ee856430c8353f58c96254c9a6baa6de3ef5bd74c0be5d2e2f90cb30009d", "time": "2018-01-12 14:39:29+08:00", "suspect_from": [], "suspect_to": ["1KD5AwLVy38qyjmYXS1GkFZnJ49hUY7q4v"]}
{"type": "btc", "txhash": "822abcbc4ab06418e8fef183bb6d1268e07b6e643253abd6fc851bd246353de4", "time": "2018-01-12 15:02:18+08:00", "suspect_from": ["1KD5AwLVy38qyjmYXS1GkFZnJ49hUY7q4v"], "suspect_to": []}
{"type": "btc", "txhash": "dffed18f96f95e0d56d19d252e175e5649f21c39d8f51122026a59bcb43fae27", "time": "2018-01-12 15:02:18+08:00", "suspect_from": ["3BLBPgLXuz1LXe96PZA1Tx6iGQwLKP32aE"], "suspect_to": ["3BLBPgLXuz1LXe96PZA1Tx6iGQwLKP32aE"]}
{"type": "btc", "txhash": "7ef6f35d04eb0a3c5eab2725e72fed80f95253cda7a087bacbf964b45e91ed63", "time": "2018-01-12 15:02:18+08:00", "suspect_from": ["3BLBPgLXuz1LXe96PZA1Tx6iGQwLKP32aE"], "suspect_to": []}
{"type": "btc", "txhash": "c79fe01f5f786494534325e3bc0acad76375785b59c858e58b01ee8340b913be", "time": "2018-01-12 15:02:18+08:00", "suspect_from": ["1DcKsGnjpD38bfj6RMxz945YwohZUTVLby"], "suspect_to": []}
{"type": "btc", "txhash": "f59d2861d5020ab3d92df780c290dfede54570d5fbfc913eb89b58c242ca2f9d", "time": "2018-01-12 15:02:18+08:00", "suspect_from": ["bc1qp0jdafn8xc6aqyrhu3swjy5h60pf2uyruk6tsf"], "suspect_to": []}
{"type": "btc", "txhash": "21ac4071ca1a604a96011177a64ff3770aa9408f509eaa1f60dd3ad63e48de37", "time": "2018-01-12 15:02:18+08:00", "suspect_from": [], "suspect_to": ["1ALTPXAR5JgM9LQVsCiNfQEyFt4VuhdmYr"]}
{"type": "btc", "txhash": "1f28408769b99f5dd5b0ed6ae97c5817dc030e38c9fa5c9dd726558976650f39", "time": "2018-01-12 15:02:18+08:00", "suspect_from": [], "suspect_to": ["17EaEu98EbbcMNN2h5fYV1EdKqmDgTtwnT"]}
{"type": "btc", "txhash": "5e2f4097546eee25c4389a67d9a86169b6369a8386291581ac9a527874b3f763", "time": "2018-01-12 15:02:18+08:00", "suspect_from": [], "suspect_to": ["1PNHtgqSAr9bmhsvKjmHBebBBixxUwZBJK"]}
{"type": "btc", "txhash": "c80ebf4c4f2feb5cbb342a68f56f62df0cfc64df163a5ee6568bb21a20191b6c", "time": "2018-01-12 15:02:18+08:00", "suspect_from": [], "suspect_to": ["1AipiaoAB1y4eb91Syv4rpsMkaziVwQrUt"]}
{"type": "btc", "txhash": "50a10b2b2ae8119779f6d529a86a39db9330aeae0765b0927632792b6c291e91", "time": "2018-01-12 15:02:18+08:00", "suspect_from": ["1G2sdwcnqZvDiiZMfZvN17tts1XmfAgic"], "suspect_to": []}
{"type": "btc", "txhash": "fdc761d2710a4f951042b5f86ef72423c2487af534774be24829eae71782b95d", "time": "2018-01-12 15:04:11+08:00", "suspect_from": [], "suspect_to": ["1DcKsGnjpD38bfj6RMxz945YwohZUTVLby"]}
{"type": "btc", "txhash": "6f17f8e9b5bf897616327d91b041060661160a4081f959865fe364ffe6e5ef39", "time": "2018-01-12 15:04:11+08:00", "suspect_from": ["1DcKsGnjpD38bfj6RMxz945YwohZUTVLby"], "suspect_to": ["1DcKsGnjpD38bfj6RMxz945YwohZUTVLby"]}
{"type": "btc", "txhash": "6423d7b4c2ea69bd0af12fc206ed7dea2c14e33206065b0d1a92000eb3b6f842", "time": "2018-01-12 15:04:11+08:00", "suspect_from": [], "suspect_to": ["3DKWwCFRepZr6tdhTYBoBFTw6kqd8Ja2yU"]}
{"type": "btc", "txhash": "596aa1985def4ffcb6a2fa0211976f0df798ffc62d19631d285daa210d2df70b", "time": "2018-01-12 15:04:11+08:00", "suspect_from": [], "suspect_to": ["14doRtvyTk7nK5km5CCk3aDhV3wD7muYb1"]}
{"type": "btc", "txhash": "7d6c2c73bb5a2e81f04fd9c8dec19a8da6871eaacca1d9d49b7198e05f23e617", "time": "2018-01-12 15:04:11+08:00", "suspect_from": [], "suspect_to": ["1EnxErtRRpfshfZHCGj2dhVfKqNUvqB6uV"]}
{"type": "btc", "txhash": "50cb111e61d9b4c6bb032c51d58698a0b6603cb7348ed78785f53ba6bd091382", "time": "2018-01-12 15:04:11+08:00", "suspect_from": ["19ZpWRk6ZR67VvAUbCzCe1wiBUvSAVc3SJ"], "suspect_to": []}
{"type": "btc", "txhash": "f463d3e80bf004a290488c970c7559e2deaba01986da37c2a450c3ab6aac535b", "time": "2018-01-12 15:04:11+08:00", "suspect_from": ["1DcKsGnjpD38bfj6RMxz945YwohZUTVLby"], "suspect_to": []}
{"type": "btc", "txhash": "a82628d6cb75973d480d2e570ebf13ecb9cbc851065b12c6a62c06e8b6a90f69", "time": "2018-01-12 15:04:11+08:00", "suspect_from": ["1Em28Tg29Ax2s3pYPMEEN6RLxth2b6eLNP"], "suspect_to": []}
{"type": "btc", "txhash": "7879fc8985a49acfa51c417a9ca2416bb7d94fc4ba768b41c14f693d42227339", "time": "2018-01-12 15:04:11+08:00", "suspect_from": ["19ZpWRk6ZR67VvAUbCzCe1wiBUvSAVc3SJ"], "suspect_to": []}
{"type": "btc", "txhash": "e52370e4a6aa8c09bee1b75d90b14c15bcd60d6f352f07bd4902d4e870d61d1a", "time": "2018-01-12 15:06:36+08:00", "suspect_from": [], "suspect_to": ["12vnG9UtZ2A5jTTSYKSc7K4y8F53cAMDZ7"]}
{"type": "btc", "txhash": "4f549d53e0a3e84bf503925e0322ee1cd84b92d43888f16412e37c7ffc0eea7d", "time": "2018-01-12 15:06:36+08:00", "suspect_from": ["12vnG9UtZ2A5jTTSYKSc7K4y8F53cAMDZ7"], "suspect_to": []}
{"type": "btc", "txhash": "9a3000a2ceb5de927c3a00b7b00c596527d33c82e810c3115ab5a3040da21d6a", "time": "2018-01-12 15:06:36+08:00", "suspect_from": [], "suspect_to": ["1FfMRjBReD783wpkLFovEgFBVVheqXNdsd"]}
{"type": "btc", "txhash": "1cd0edefc9b1bfd92174d9970e368ee95259d7fa226fe34c97c6fbf35f053915", "time": "2018-01-12 15:06:36+08:00", "suspect_from": [], "suspect_to": ["3KVvs8ih4nxqc1vrqhwpAQt8JEWTTbYiiC"]}
{"type": "btc", "txhash": "2b6d7a357a345fdc512595346cfb41c7a5b7655a854345bd242b3f8f59f6ecf5", "time": "2018-01-12 15:06:36+08:00", "suspect_from": ["3Fc6jRbL53mcGgwz9Xydn78vSpeP5E1YHA"], "suspect_to": []}
{"type": "btc", "txhash": "37ac761bd87a8d932c5886f3be52584c4e6a39183f4d3dca025ae2cf77b388c8", "time": "2018-01-12 15:06:36+08:00", "suspect_from": [], "suspect_to": ["1AoPaf17CoxdM72oCEvmAgH2jiGfyiYH4H"]}
{"type": "btc", "txhash": "92b0244ad468f11cffa17ecb7af79b5df8d276e35205aa18395063d489c67b46", "time": "2018-01-12 15:06:36+08:00", "suspect_from": [], "suspect_to": ["1NiNW9gw3SBiusAY3BGKkQmnGW7xkTAE5J"]}
{"type": "btc", "txhash": "dce0f4e60417d96986251759747ed6803c06b6bb0b4bd074d1786515aebbfb62", "time": "2018-01-12 15:06:36+08:00", "suspect_from": ["37zgbaUPS9Z8vChpa6FEn4yqMiDAEapaHA"], "suspect_to": []}
{"type": "btc", "txhash": "f993f29b17ec7287b585031ae24ec5ad17f725f1b2fe044dec1ac80f89636be3", "time": "2018-01-12 15:18:33+08:00", "suspect_from": ["3JQxXNgK97frQAckN5Zc4jvzd5DDXZDpzV"], "suspect_to": []}
{"type": "btc", "txhash": "d76fb23ea59fb5b9101a57731aadd526a5c6cd5f478fee8ca6f745221c9f2abd", "time": "2018-01-12 15:18:33+08:00", "suspect_from": [], "suspect_to": ["1My15m5LXcnek4fNhMfFT92FXAQZ2QZDfs"]}
{"type": "btc", "txhash": "f4630ed513696422b3a728e6b37c60320216856fe1360025722130e68271745c", "time": "2018-01-12 15:18:33+08:00", "suspect_from": [], "suspect_to": ["1LJAPEQvXoWNZR4iYvNJeMZyuDRnNY9Xw8"]}
{"type": "btc", "txhash": "f544f36b8a8af9ff0b932b56f0ea459509de999b9c3151dd6e12c46b4da8041c", "time": "2018-01-12 15:18:33+08:00", "suspect_from": ["3DKWwCFRepZr6tdhTYBoBFTw6kqd8Ja2yU"], "suspect_to": []}
{"type": "btc", "txhash": "29c8212b2d80c27d47d92d8cf9afc3f482e3495db5b974d62054149e08d77380", "time": "2018-01-12 15:18:33+08:00", "suspect_from": [], "suspect_to": ["1FvHonty72xBXnkuPvmtwxCQpWFbzm6BNo"]}
{"type": "btc", "txhash": "b2a963b3ff511bd6b9c3a13de114df2c00d12b790248849468eaef7f2c7829ed", "time": "2018-01-12 15:18:33+08:00", "suspect_from": ["1PNHtgqSAr9bmhsvKjmHBebBBixxUwZBJK"], "suspect_to": []}
{"type": "btc", "txhash": "35c5031ee73ccf746096ce4bef4e0eac8c1160577e255f04dfc6512088f5bca9", "time": "2018-01-12 15:18:33+08:00", "suspect_from": [], "suspect_to": ["1Jmp5azSKtKsKWZdCxq2Zr2726p1DtgcNy"]}
{"type": "btc", "txhash": "a6c2cefa66d67a824242a6710cf8317330522e5c76e1046a245d7a84e526a636", "time": "2018-01-12 15:18:33+08:00", "suspect_from": ["1AipiaoAB1y4eb91Syv4rpsMkaziVwQrUt"], "suspect_to": ["18YKmqq633mrQjWoJ92pMkX6uqbG9YK7bt"]}
{"type": "btc", "txhash": "c44cdcfc8afab7ffadac3a82209e2f2554130177b1342386be9a6797f5836a45", "time": "2018-01-12 15:18:33+08:00", "suspect_from": ["1AoPaf17CoxdM72oCEvmAgH2jiGfyiYH4H"], "suspect_to": []}
{"type": "btc", "txhash": "db508c02b77c2e36a88a8b48f958619164508bd7723385a39f0123b2c225dc70", "time": "2018-01-12 15:18:33+08:00", "suspect_from": ["1EnxErtRRpfshfZHCGj2dhVfKqNUvqB6uV"], "suspect_to": []}
{"type": "btc", "txhash": "149308bac37f62b8b823d121d153dc903796a60871534af8923b861e2a0dd531", "time": "2018-01-12 15:18:49+08:00", "suspect_from": [], "suspect_to": ["3CaXb34AHBxrgNxWGZML2Ai2YnpCN6PAt7"]}
{"type": "btc", "txhash": "725a31ca0684908397be790ad038772fe08f2fe5963bfa97f04e3c2f87ad6e6d", "time": "2018-01-12 15:18:49+08:00", "suspect_from": [], "suspect_to": ["12v2TB1smthbeNqVneRe6jk1MDTNAppkPG"]}
{"type": "btc", "txhash": "70b4a988030f77ad86d68e1d7a68f9d740872dd308237b6c65056c6530d4fdb7", "time": "2018-01-12 15:18:49+08:00", "suspect_from": [], "suspect_to": ["1JScfKrWewXwsDt2mUHrYyauk6ULGY62sE"]}
{"type": "btc", "txhash": "c2b0fc891a6efc317f57f3c60183f8eb5373bc595bea4625e41e73f5df96bbc2", "time": "2018-01-12 15:18:49+08:00", "suspect_from": ["1GVou5oGjDoPEMHWZznSPBTZyPBmAzTVGi"], "suspect_to": []}
{"type": "btc", "txhash": "293d2f83c0488516b5d310afcdcb8e499935d90c74d7737b9be676ac25ad936f", "time": "2018-01-12 15:22:56+08:00", "suspect_from": [], "suspect_to": ["1FFmKCDSg6emJ1ngk5JbYPTWrKk18Cy6ZN"]}
{"type": "btc", "txhash": "95ed0b859b3b0b7e646c26c90133fcd2bd030a4df01ad4d52e8657249e3b6104", "time": "2018-01-12 15:22:56+08:00", "suspect_from": [], "suspect_to": ["1Db11myLE79SsMTBW6pi8RRNtFZXfjAhdA"]}
{"type": "btc", "txhash": "1fbb18458e7252486acb88cffa33f6dc82df56084279bf8737a53ea929feb919", "time": "2018-01-12 15:35:43+08:00", "suspect_from": ["1B4WUutqMxrhx8T5Cjj8dfUWuH12TAdiVP"], "suspect_to": []}
{"type": "btc", "txhash": "406998f27814f8594393dad22ff4cea91623f1dc980216137a4ba53862563d53", "time": "2018-01-12 15:35:43+08:00", "suspect_from": ["1Jmp5azSKtKsKWZdCxq2Zr2726p1DtgcNy"], "suspect_to": ["1LowKLDKB3GDkbwsZzVR5GG4j6DZXqQzpk"]}
{"type": "btc", "txhash": "ecd029b45c4f63e5934df414de5279de3078a8d78c37d78adbfd1218d733acf0", "time": "2018-01-12 15:35:43+08:00", "suspect_from": ["1FvHonty72xBXnkuPvmtwxCQpWFbzm6BNo"], "suspect_to": []}
{"type": "btc", "txhash": "335697d41e5b3426c5250b3e55628dd79040b1f8b63d2c767dec3edb9c1dc651", "time": "2018-01-12 15:35:43+08:00", "suspect_from": [], "suspect_to": ["1KrY5b7sfiTr9kr1d9tqURXKpxyJdKN3kD"]}
{"type": "btc", "txhash": "242a92f43ae504b9112ec7e4859133e31562fc2e1cf995da0ebdda827e415c9e", "time": "2018-01-12 15:35:43+08:00", "suspect_from": [], "suspect_to": ["1LsxEhEW9vHeVvfvas8KHfnbZgbURc1TgQ"]}
{"type": "btc", "txhash": "367e9cb831453d4457c1978be603a4de56c878ca6ddec4c36644915abe0f05a3", "time": "2018-01-12 15:35:43+08:00", "suspect_from": ["18YKmqq633mrQjWoJ92pMkX6uqbG9YK7bt"], "suspect_to": ["1NSCLQWjtm8amhGRSap6okAfgrgXNxZfqm"]}
{"type": "btc", "txhash": "90cf125869ec181002549083ea8220fdcd804b0f1784b5465bc826322a9cd05c", "time": "2018-01-12 15:35:43+08:00", "suspect_from": [], "suspect_to": ["1FggwZUJTeeFjigSWrxm99rk4amKjd7FaK"]}
{"type": "btc", "txhash": "10d53bfeece87598eac96d862ee1c133e229e2f43024b175390551a627f454f2", "time": "2018-01-12 15:35:43+08:00", "suspect_from": ["1DcKsGnjpD38bfj6RMxz945YwohZUTVLby"], "suspect_to": ["1DcKsGnjpD38bfj6RMxz945YwohZUTVLby"]}
{"type": "btc", "txhash": "9597c6fd581556b844755b23db83b97933555d0bd6eef893d015268e4db54454", "time": "2018-01-12 15:35:43+08:00", "suspect_from": ["1DcKsGnjpD38bfj6RMxz945YwohZUTVLby"], "suspect_to": []}
{"type": "btc", "txhash": "03b2eb297f88eedd7cde8382b53508766674730b5dfb97cc5cc66d08bb6a885a", "time": "2018-01-12 15:52:18+08:00", "suspect_from": [], "suspect_to": ["32EP8aKYF4wEcdXvfuUnb97tq8h4Nhfpyu"]}
{"type": "btc", "txhash": "95b0840e3166ff3e63bd701d549b086861b985f44e185bce05d602cb7027d21b", "time": "2018-01-12 15:52:18+08:00", "suspect_from": ["1LsxEhEW9vHeVvfvas8KHfnbZgbURc1TgQ"], "suspect_to": []}
{"type": "btc", "txhash": "6626597657f4024b040144caca5636446741433dd53b8675c0f4992a30d8c382", "time": "2018-01-12 15:52:18+08:00", "suspect_from": ["1NSCLQWjtm8amhGRSap6okAfgrgXNxZfqm"], "suspect_to": ["1EL6Ew9LKcr2KBdbB1MH9ZbfSy7wFqQmDJ"]}
{"type": "btc", "txhash": "b26e1a4007720f9086ec819340faa202e1d11c806a19710755b5ca51321a2f97", "time": "2018-01-12 15:52:18+08:00", "suspect_from": ["1KrY5b7sfiTr9kr1d9tqURXKpxyJdKN3kD"], "suspect_to": ["1KW15WXjCqHPEFLfHnk3mTWkoTypkQM2dn"]}
{"type": "btc", "txhash": "ff8148d62a69e3b2ff728fa61dd3d61b0dd2535aee80483b0b75918cdfadf1fe", "time": "2018-01-12 15:52:18+08:00", "suspect_from": [], "suspect_to": ["1LDD1RbXMPiZYMhoFcaW4d3qT8KjULt1ks"]}
{"type": "btc", "txhash": "9eeaedabf60081efc3cd0b32ba0148d8f3a8233037d863f6a517cdaf9d25d06d", "time": "2018-01-12 15:52:18+08:00", "suspect_from": ["1FFmKCDSg6emJ1ngk5JbYPTWrKk18Cy6ZN", "1FFmKCDSg6emJ1ngk5JbYPTWrKk18Cy6ZN", "1FFmKCDSg6emJ1ngk5JbYPTWrKk18Cy6ZN", "1NiNW9gw3SBiusAY3BGKkQmnGW7xkTAE5J"], "suspect_to": []}
{"type": "btc", "txhash": "245ab7fe8b19153e2dc914772bcfaf50e74c10eab95c9e54fa06504ea14e7d89", "time": "2018-01-12 15:52:18+08:00", "suspect_from": [], "suspect_to": ["13DaSqPPyYTWy1hinmTyFqU5vK1yrp1BU5"]}
{"type": "btc", "txhash": "6621ef9d71cbc0c7d9cdc75c31d95573b33bb31c4075ab7e8cd5c9ed8383b8fe", "time": "2018-01-12 15:52:18+08:00", "suspect_from": ["1LowKLDKB3GDkbwsZzVR5GG4j6DZXqQzpk"], "suspect_to": ["13E4tRXEvoHmGKzK8aQzkWEL9FTBACc2hM"]}
{"type": "btc", "txhash": "3220b1cada9e509ce82dd2991241b2cc544243a2a9b98daee92be303f22ad4f9", "time": "2018-01-12 15:52:18+08:00", "suspect_from": [], "suspect_to": ["1FZcGZrgPQgd7edqU1jUjNJXTgopwFFEKj"]}
{"type": "eth", "txhash": "0x9d3eb870c4fb28ce108ac298a14ee8d7a8b54817e775408e827fead0c1e3e54f", "time": "2018-01-12 13:55:30+08:00", "suspect_from": "0x3943ed69f074e0d851ea60453641c7307312ffc6", "suspect_to": "0x187d3e018ffa9b2a4046261ebc290dfeb66f59eb"}
{"type": "eth", "txhash": "0xba4e6ce04c956759b894599be82b22af527424935ae4ae07991dbe417c7884ff", "time": "2018-01-12 13:55:30+08:00", "suspect_from": "0x748bcbd2ed76ac620f593ce65735eb2cfc9477c4", "suspect_to": "0xf18592d342a8bc1695fbac60c9bc04cfb594f130"}
{"type": "eth", "txhash": "0x0d48a8bc2b66e893a28fc4fd201a434fc7875c36f83ee99adc4c61d3c215a43c", "time": "2018-01-12 13:55:30+08:00", "suspect_from": "0x5ecabfd391ec83a70f42444160c83a3823894096", "suspect_to": "0xa6df6bd2efbc059acdb606e68652127fc8be1329"}
{"type": "eth", "txhash": "0x31159ce66e7a7e004da01a401ed4d51c9bdb795ebbe0aec030e636725839e75d", "time": "2018-01-12 13:55:30+08:00", "suspect_from": "0xdc0fc33bbf8b80dd1cc0568515a79f9fd2032bd8", "suspect_to": "0xfafa89c59c7247f901e977e8d16d66c8d8951a93"}
{"type": "eth", "txhash": "0x134a1c84d209660334dd65d790508ac902ddef612edaed27b41ac198d5f424b1", "time": "2018-01-12 13:55:30+08:00", "suspect_from": "0x304de359d1c21ae39261d276fe6372babe19c4fb", "suspect_to": "0x43870c97846ec7ef12beb9b121b8b8a8e3c9377a"}
{"type": "eth", "txhash": "0xa7c3033e0afc46b09dc4c403832d169efc007477c1a46afadf4fc72a25bc97f6", "time": "2018-01-12 13:55:30+08:00", "suspect_from": "0xb0234ac35506b62c398622f191461221a93901a5", "suspect_to": "0xebf1e06356163679e0aba7bcc0c28fd1571fcc68"}
{"type": "eth", "txhash": "0xb2b4e2ad95af1aaff11ba8dfda3130e4d8ab71261131b8621e0cbe7f13757b98", "time": "2018-01-12 14:00:48+08:00", "suspect_from": "0x19ccb2f59729726a930d63112e06672f36ace63c", "suspect_to": "0x3f5ce5fbfe3e9af3971dd833d26ba9b5c936f0be"}
{"type": "eth", "txhash": "0x2f2353f6eb6953b164e9cacb5d335fd000ec6a5024a4c234f96d7c53ba696f1a", "time": "2018-01-12 14:01:39+08:00", "suspect_from": "0xb4b9e2763225bf884e1fb88cf91afc8c928c014e", "suspect_to": "0x2be4aa770ec15abf87c9d1fbcddeb6d4f723fbe6"}
{"type": "eth", "txhash": "0x8cf8d8518646d44437ac2460074340cb136af6fef3468a7100b657c531ea4e2c", "time": "2018-01-12 14:03:49+08:00", "suspect_from": "0x1d06a9bc5fbd0a5d4bd873f9f6925becae878531", "suspect_to": "0x0b7ae2cce8583ae7afaede82e228a3007b8881e5"}
{"type": "eth", "txhash": "0x161a7a47ca0586f64f715b8d78526233963b0a17a6f1efbd15ef0208d824bacb", "time": "2018-01-12 14:03:49+08:00", "suspect_from": "0xf2c583087beadfdf8bb0018745c2e2e1305ddabc", "suspect_to": "0x004f4e2f70d57aa6fc6016f3eee92d29468214a5"}
{"type": "eth", "txhash": "0x0a1add0262f914a9d5406d8b26eef694c1170ac97cdf6d51f4d667ead70a5813", "time": "2018-01-12 14:04:39+08:00", "suspect_from": "0x468f6b464a57233dfd8a7d34ceea718bf5bd0d90", "suspect_to": "0xd51cd926c2013c344c3e6cd4d690b4b7e82cc29e"}
{"type": "eth", "txhash": "0x3739f0d516395c46b2b89015efc616f52df08c62b065751618575c09e75cba8b", "time": "2018-01-12 14:04:39+08:00", "suspect_from": "0xf14b6b605ce6291b61ed4515a5e2166a2534c960", "suspect_to": "0x85fbb07683e1629b9de580bb82a6d281ac454d57"}
{"type": "eth", "txhash": "0xb139efd5d3a93411950d8d45dc455608865fd7462eda12e3cb0c2f07128cd5f0", "time": "2018-01-12 14:04:39+08:00", "suspect_from": "0x19921d7ff64ff6ad85e4918b69c4c2508829843f", "suspect_to": "0xeb979e8c0e9cdfed51c2d6e16a451dd8e1697029"}
{"type": "eth", "txhash": "0x667d6b8212cd77c35bf2b87f06b09e085fe3f755519597313b5ee99778edd1d7", "time": "2018-01-12 14:05:00+08:00", "suspect_from": "0xf6e30e3eaa2e741b89c641d9d5243f54465a028e", "suspect_to": "0x3b78bcc1fe9d59c56ea7c0996a7abcbb4df84c4b"}
{"type": "eth", "txhash": "0x6f92f1ea97857cde17d490edf676c78baa160854e9aae6ba8fa4bf4d05b644b2", "time": "2018-01-12 14:06:38+08:00", "suspect_from": "0xf50f0bd42f0192bdf1c8c8cfa4335ac0eecc0e83", "suspect_to": "0x4d5a0e86bbb1f8a88c16573b01b8b0d681ead5a6"}
{"type": "eth", "txhash": "0x1661141ed339a5514b6384a8c933ebf773153aa9d32dee88c2bf8e3f4e221703", "time": "2018-01-12 14:08:55+08:00", "suspect_from": "0xba703d636f183c89756f73654710d34f5517bde3", "suspect_to": "0x6165668289f741e3bbda92ec21a67a9dc7107bd8"}
{"type": "eth", "txhash": "0xb4e9bebb85877fdc0b18ef4d4e5e9b4b8cac34a9b4ec019247506071e7b785dd", "time": "2018-01-12 14:14:11+08:00", "suspect_from": "0xc7bb29a118f45cb0a1296fc2a21a0424ec17f045", "suspect_to": "0x782278ff9f603626a248fd20743a55c1ad263da1"}
{"type": "eth", "txhash": "0x94aa99c99c29372bdc922fec6d2e1abf9beb53db31ae806babeaad37f6a7651b", "time": "2018-01-12 14:14:50+08:00", "suspect_from": "0x51b05f541f1310495834b20a1cbd2abdb6f50f25", "suspect_to": "0xbe5e1aff627bd249e33d258aac081b7746c408b7"}
{"type": "eth", "txhash": "0xdbc8c143ee344dedf1764c62d9887812317590312589c9093f951b4fe5bc1f0b", "time": "2018-01-12 14:14:50+08:00", "suspect_from": "0x5f1edc67d8dc4372eddf542bf9eafa2ff70dfb09", "suspect_to": "0x9d646c0c39fbe71b3cd732f7c1bfac2d871ac259"}
{"type": "eth", "txhash": "0xb1474b4e3fddd8eb5d34d68a592a459ca50978037a87ef9cf2bb49a4eb6dea5e", "time": "2018-01-12 14:14:50+08:00", "suspect_from": "0xf05f39321880128de2198dfdf51908276869c32c", "suspect_to": "0xd8dadb68c79e700db04f38209b778e0bd390f64a"}
{"type": "eth", "txhash": "0xaba85c78fd2983edf35618eb13b21c67a312ef8be9bede9ee7da72694cfcac96", "time": "2018-01-12 14:19:10+08:00", "suspect_from": "0x749453627143658469010d2b94ba36c6ed4261da", "suspect_to": "0x79c2ab8c411eb533495dbe090fe895dc05353211"}
{"type": "eth", "txhash": "0xf0a01b5928e7a427ffcad8e102153e20898daa91546b8c0863bc49ae847d6f6a", "time": "2018-01-12 14:20:45+08:00", "suspect_from": "0xfb2c223ec50ec9f08205452d035d37715c242ccb", "suspect_to": "0x8bb953542046ed652a115c25bd22396781778b2b"}
{"type": "eth", "txhash": "0x293b239d9687b7fcf6783d262f07f7f953e625db76693ef2281cfa407fe9c701", "time": "2018-01-12 14:24:24+08:00", "suspect_from": "0x4e1d6ad24cc3822df5fa10518d9dc08f6071687f", "suspect_to": "0x11f197404b4390a37bc3eae96c0c955663026aac"}
{"type": "eth", "txhash": "0xb9e167a770d993245ba0c1dc76a5e6e840f44ebba45950ade5c6d7edff7be816", "time": "2018-01-12 14:24:44+08:00", "suspect_from": "0xe4acf49125d2100ab2150240314d9ac623965062", "suspect_to": "0xa330c5ec097449d6ced694b8e9f2c4a108e4bc4f"}
{"type": "eth", "txhash": "0xb01408412c8cbec562384bdfe9ca3dadedda075518df3626c5aae29c52355635", "time": "2018-01-12 14:25:14+08:00", "suspect_from": "0x2be4aa770ec15abf87c9d1fbcddeb6d4f723fbe6", "suspect_to": "0x390de26d772d2e2005c6d1d24afc902bae37a4bb"}
{"type": "eth", "txhash": "0x1f31c00acb06aba830dba439a4d8ca5193bd99090f4ac40cf8cd568b29f4a916", "time": "2018-01-12 14:28:23+08:00", "suspect_from": "0xdc32c83ef8bace5465eff780b1d392626bab00d4", "suspect_to": "0x05ee546c1a62f90d7acbffd6d846c9c54c7cf94c"}
{"type": "eth", "txhash": "0x3cde732a98ed95a0ab72f96c8513e79d6cf72bd4198281f7b40ebf9f966ffc19", "time": "2018-01-12 14:35:10+08:00", "suspect_from": "0x20db2519d5c669ec76c63922ced7a91d9a2424d4", "suspect_to": "0x26c9cf95826c8505a70c0ec722fccdfcaf888737"}
{"type": "eth", "txhash": "0x51cf8cc144bb1b4d1f67fbd3f0a8ac01e0466d1449bfb213e48f28a8973dd583", "time": "2018-01-12 14:38:46+08:00", "suspect_from": "0x03d4e649914e9d232ee8d235f8c051187d4ed1d1", "suspect_to": "0x05ee546c1a62f90d7acbffd6d846c9c54c7cf94c"}
{"type": "eth", "txhash": "0xbf3a46b5fdd3e622f8ce84cd93723d1404df8f1348e6cd0977cf8d44bdd622f9", "time": "2018-01-12 14:38:56+08:00", "suspect_from": "0xf905f548f9c098133cd420d52bbda1b535525b88", "suspect_to": "0x799ca271d6807cb9fa0fba8e8b42f3d7689b8354"}
{"type": "eth", "txhash": "0x9f41d00173b23ea72114bace72097008430c4e85d150e91c3c4f9ad82bd57abf", "time": "2018-01-12 14:39:17+08:00", "suspect_from": "0xe1e7166f6fb084bca4c2e8c5cfe5fe987bf70cc3", "suspect_to": "0x873b565ff8d1ecb551bf8866a08af72af20c347e"}
{"type": "eth", "txhash": "0xda0dbe62a75bb177c9c14632f21ef787e6cb03a093dd85933ace6cd7ffa4ba8f", "time": "2018-01-12 14:39:17+08:00", "suspect_from": "0x1acc8c96fe4932509de9e4b2aa0ddfa595619497", "suspect_to": "0x81bb0b81f9f94002b4fdee7eb5a407c851a366d8"}
{"type": "eth", "txhash": "0xfce1d11e2a57dffc06b16a062714521597ada15bc1ac128fb17debcfb50cd98b", "time": "2018-01-12 14:39:35+08:00", "suspect_from": "0x7aa07ebf800ef9fa4ee407a8c9ee2653ff688c23", "suspect_to": "0x164c6a02642eb80da19903ecda4e2d734f3454bc"}
{"type": "eth", "txhash": "0xee9e1ff9e0353d0e9990032731d1c502eabd4230be09957903ee3b394f190924", "time": "2018-01-12 14:39:35+08:00", "suspect_from": "0x47bcfa603f4e8ca09c5d186b4ede39ddb492ffb4", "suspect_to": "0x1fda175cf89a89c03940d65851edf68972986dd8"}
{"type": "eth", "txhash": "0xb594d69ccc874ced0c6846067fcb2aa3428c1d7426b3a5d3fd39984f8f9c4fd8", "time": "2018-01-12 14:44:01+08:00", "suspect_from": "0x15329e35ae6a9d7cbfefcf3296c6a0fa4a97eac0", "suspect_to": "0x2b862ef34f033107e9e0aedc2032a6171a26f67c"}
{"type": "eth", "txhash": "0xc6c1da05dc13b06294b9af2473984e9d7612bf20f4cdd583ce96d312b2679feb", "time": "2018-01-12 14:44:31+08:00", "suspect_from": "0xc7b694b875a817d8540be624648b37746c076b65", "suspect_to": "0xb71b0df4f20ac142d23e03eefd99e1cb7325ea4d"}
{"type": "eth", "txhash": "0x14f928e2cc23302edb67a8a9e4a11cb5d504d529d22a4ce7a35d7bcb685d0e0d", "time": "2018-01-12 14:46:08+08:00", "suspect_from": "0xc70a61a44602c3950ec2e5106b902058eeb01380", "suspect_to": "0x108db4565efa5c78f8392564556f377f83d04a04"}
{"type": "eth", "txhash": "0x376035ce2741fc268e93a1a3fcc87a2dc9ed9987d095ca7b7c770e731a55c63c", "time": "2018-01-12 14:46:08+08:00", "suspect_from": "0x9d3497bd7dfb4608acada8152ff8169970da93d5", "suspect_to": "0xb6b63310f91b1325d08a8c7bcf57069d9c424d21"}
{"type": "eth", "txhash": "0x78b5ca2a557086e3dc244baea5ccf964818e146f8b9b42bc833f91e669932e72", "time": "2018-01-12 14:46:08+08:00", "suspect_from": "0xda9cfebc77305ec9a4bd99c16078ff251e9d5811", "suspect_to": "0x379bb488b7b2c3fcef0e3c237fb1ed81fe4c4955"}
{"type": "eth", "txhash": "0x2e0a6e267000e45a753da23a18d93f6269d747a928c7291377decf435be16f74", "time": "2018-01-12 14:46:08+08:00", "suspect_from": "0x467c7ed92e5a02fc10845829e4026f6207d2352e", "suspect_to": "0x0346244ec1906ae67bef75e11e9032c645ac3ddb"}
{"type": "eth", "txhash": "0xeddc7ef21d86946fcfa4aafe4e661d700dcd4b46a126985c49a431e79cde48e1", "time": "2018-01-12 14:46:08+08:00", "suspect_from": "0x595ac6a4ed06d5190fc24271dd58fcc98f289955", "suspect_to": "0x810febf2e200ddbfbb24f8ecdbc039f2e0f6e0b7"}
{"type": "eth", "txhash": "0x866ed305bc3338bb06920b2f20b8f7ca0d2d0eead709798d8266da1ad606a0d8", "time": "2018-01-12 14:46:08+08:00", "suspect_from": "0x7e83aef213959d527903ef43a0d4b47a98e4aaab", "suspect_to": "0x5cf51b91a50204c05a0d3a92ed8e82c1b9bd3a4d"}
{"type": "eth", "txhash": "0xf12a80bd6aa212f2c6a13303553fcf615fdc1282e0f0c0d5bd7145e19cc3994e", "time": "2018-01-12 14:46:08+08:00", "suspect_from": "0x74250b630c1fb28a4115ad218c36cc66404f2cee", "suspect_to": "0xc18ebc9098fce9da73e37a239cb30541b18a72a1"}
{"type": "eth", "txhash": "0xadd1b8d04191aece5dcc0da53322f77ca494448e397f70ee8098e821f65bf45f", "time": "2018-01-12 14:46:14+08:00", "suspect_from": "0x0e927dd03cbbed718f32f423d23754014c579341", "suspect_to": "0xb23f07085a95d38b02e40ec379de71a442bedeee"}
{"type": "eth", "txhash": "0xd5f91434f1e040e9d26198b8c3c5f955be1b79d6d7eb695bb1c795cacb94b9b0", "time": "2018-01-12 14:49:06+08:00", "suspect_from": "0x75ae8c615fa1b4e15e6fe8642cdf2d28f3ea0fd0", "suspect_to": "0x2c8821c0a26b49b1c365c99330f1b78045dc63cd"}
{"type": "eth", "txhash": "0x955442fb54fcde07f0c3e40b5eb94eb68c825dd1271527ba71764ffa0d744c14", "time": "2018-01-12 14:49:06+08:00", "suspect_from": "0x52f8da4bf681230042301730d61fbf81c77cdb12", "suspect_to": "0x2155c189da4811744b18fab8fa8850d184409405"}
{"type": "eth", "txhash": "0xa9790b7df1f935abfebd35ead647e2d13c1b72f522b10657f6c473be8f60225c", "time": "2018-01-12 14:50:05+08:00", "suspect_from": "0xb23f07085a95d38b02e40ec379de71a442bedeee", "suspect_to": "0x9fc85b4c8d8e7f844f250d8d0f5c812a6e73bf9f"}
{"type": "eth", "txhash": "0x471dca40b6eaf260673abcface3411f09d865b61a969f8edb58f7d0359493796", "time": "2018-01-12 14:50:05+08:00", "suspect_from": "0xfeec56fb2d19960ff89441eed6837bd14358674e", "suspect_to": "0xb48d92889a5ab99dc64095f20b5337a2fe1c6a53"}
{"type": "eth", "txhash": "0x22322a11e0a2371919caabaf4ba7df10c89e7bf0aeca3974abf6ad2fcda41932", "time": "2018-01-12 14:50:05+08:00", "suspect_from": "0x5eecce294153695aff3075588607f820963d7795", "suspect_to": "0x5d1fa9efe822d1a45d4b496f66dbe6d508d367a5"}
{"type": "eth", "txhash": "0xd0e857c756174bce0d6071084395299904033d293f6460bef79e812ef8bb2c20", "time": "2018-01-12 14:50:05+08:00", "suspect_from": "0xca7f5140e15f802c1dd20de503497b24762dc871", "suspect_to": "0xa752f7c31d3851221e60a8bc1fc3f1b693ad377c"}
{"type": "eth", "txhash": "0x829b240f748d1f630ec4e9fc1225f42de193725bc0117f693a7497156b85ed07", "time": "2018-01-12 14:50:05+08:00", "suspect_from": "0x09b7da9a830a3f099c7694d96be9ccefbc15ed13", "suspect_to": "0x25e4d39c3fe7a02214af1c43b2fdf6641bf74da4"}
{"type": "eth", "txhash": "0xfd884a80af2205dc8abba31468189bc7d491fd2d268d80ebf08fc0869777abaf", "time": "2018-01-12 14:50:50+08:00", "suspect_from": "0x2155c189da4811744b18fab8fa8850d184409405", "suspect_to": "0xfdcf31a0853c79e9ed668056bcbc7ee6ee227c06"}
{"type": "eth", "txhash": "0x9f8744493ea58110a7ae5d8f7f9722cf05176bda22b3ee7cc2421e7fa9db3dd3", "time": "2018-01-12 14:50:58+08:00", "suspect_from": "0x686f2275f1be5ec032ff734d6acee20ed6a5a411", "suspect_to": "0x6f8ab691e7f74695625635e4ae4415defe9329da"}
{"type": "eth", "txhash": "0xa8c67c1c0cf71da72916e7ab43702f5ba563c9a2eebb65dc4bc2290332963d28", "time": "2018-01-12 14:50:58+08:00", "suspect_from": "0x1e429496827f9403978184cb436fac288bb89b6f", "suspect_to": "0x843938ad9abc02a28599da76c01a4d809cc18003"}
{"type": "eth", "txhash": "0x3ed60898e848b5c7d3b971fb2b844692c77e2df9b651c2167f9dc75026dd24e0", "time": "2018-01-12 14:53:53+08:00", "suspect_from": "0xb48d92889a5ab99dc64095f20b5337a2fe1c6a53", "suspect_to": "0x36bf223b6cc658bb57ddd191cb9efda37c05cfa5"}
{"type": "eth", "txhash": "0xf8f33ec8405bb359003a69b1aee4f8b8fd8b03e324fb99cb852f4859b7f33ec9", "time": "2018-01-12 14:53:53+08:00", "suspect_from": "0xa752f7c31d3851221e60a8bc1fc3f1b693ad377c", "suspect_to": "0x36bf223b6cc658bb57ddd191cb9efda37c05cfa5"}
{"type": "eth", "txhash": "0x066f6204a3b4eea4d8a77cb9d31bcab4d3b6e51521be6f69a6dc329e7bcea781", "time": "2018-01-12 14:54:11+08:00", "suspect_from": "0x1f61df483e7a3eaf5ccbe16979410703c251e975", "suspect_to": "0xdcf94e84132ab5a60934dde74d1a7e202be968c7"}
{"type": "eth", "txhash": "0x00a7ad5a564d8adc08942de23a227d125b105cd5941e7d0772701be4cddf613f", "time": "2018-01-12 14:55:00+08:00", "suspect_from": "0x1876637b0425b5d56de38a74f7c5b0fee772035c", "suspect_to": "0xdbacab038ae0c40dd67b02e4e1b5f30db6bfac06"}
{"type": "eth", "txhash": "0x0d2a91cf18c1a86005ba7ee5d43f57499ad74c1ee53bdd8e26a491bde70e239c", "time": "2018-01-12 14:55:00+08:00", "suspect_from": "0xc6bf945acffb679f57dd09b362016bbb6d7250e4", "suspect_to": "0x222fde5d6d4627a72e7d047e4cb7dd30bf33731d"}
{"type": "eth", "txhash": "0x7f782bbab14065dd9f446f9346c009809a9f9a177ab2759f166ecb4c73960733", "time": "2018-01-12 14:55:00+08:00", "suspect_from": "0x5c5e90279cd40c21b42dc0b786dc29443b56db88", "suspect_to": "0x9edcbc94130a82c8e30985d40ebbc92f8fff3092"}
{"type": "eth", "txhash": "0x96383c996ea823f0c90c427424468d349bb5f9375c12ba3f037677ee4dcd6298", "time": "2018-01-12 14:55:00+08:00", "suspect_from": "0x332a2381794d1b47b9a7b65ac19b3e39eaf4cf6d", "suspect_to": "0xbf6bc70bf2080747f87be307b8821ebb4fe650ed"}
{"type": "eth", "txhash": "0xa2ab03ab27e9dd914926bc9ccc2d800bbd3b73611db52420e859ca8994b618c4", "time": "2018-01-12 14:55:00+08:00", "suspect_from": "0x9fc85b4c8d8e7f844f250d8d0f5c812a6e73bf9f", "suspect_to": "0x884a3ce8e472bc012aaaf33f8c95fd3985fca167"}
{"type": "eth", "txhash": "0x784d5407aba1ab26ae01218d0ed21645ab204997f0dfc9ec1cf7693143814015", "time": "2018-01-12 14:56:02+08:00", "suspect_from": "0xdd62a5840d747f38ec578c492977deae622b3915", "suspect_to": "0xe6146bef9c437c32d6ead65831e4d0d937f4cad2"}
{"type": "eth", "txhash": "0x726a7b539689439a66c068fc721db1b59e3e9fc7f8d29712eec851d99ae53c7b", "time": "2018-01-12 14:56:02+08:00", "suspect_from": "0x7dfcebace34c36c4cbaced64959b17081979868d", "suspect_to": "0xcfbcb0d6013de30a42f077456552748c74dbc390"}
{"type": "eth", "txhash": "0x6dd3e0611d649da179b13149b21585e75bcd46509468b909c7cba396232357de", "time": "2018-01-12 14:56:51+08:00", "suspect_from": "0xd551234ae421e3bcba99a0da6d736074f22192ff", "suspect_to": "0xc4158b5e20fb59b3c66544d8c535694dbcc02804"}
{"type": "eth", "txhash": "0xc415d7563a5e04c2341af8b4662d5cb2824887a6187a94b0412c69eb6d14e3f1", "time": "2018-01-12 14:58:58+08:00", "suspect_from": "0x1e91ea5fc8e8d6136154462ebdd038388345d294", "suspect_to": "0x190ad984b1230dc9bc9c7d248cd24fdd57cd7eda"}
{"type": "eth", "txhash": "0x891d9d5d0ddef984f19666308ca4582f2803f9e944c1fc23b7e65a7e4783c33c", "time": "2018-01-12 15:00:13+08:00", "suspect_from": "0xba4d5e9a7fe6488ce6a6c0306d42fbcf1c1bfd5a", "suspect_to": "0x6e58df3b3d06588aea97c2c3a82f8c7c24ccb0c7"}
{"type": "eth", "txhash": "0x149cf1be429668f7265aec7e35c4e94d35ab44def79e75d49a39e3a3abe84174", "time": "2018-01-12 15:00:54+08:00", "suspect_from": "0x403b86e918c1d5ee36fde0f1c48519d38b2cc8a4", "suspect_to": "0xfca873a6d52c9e156f45c7ae604a7cc25ee98a82"}
{"type": "eth", "txhash": "0xccf28138fb7b2f4e986ce5c01b58f14c3f23573c4101cdc30269c78778d222f2", "time": "2018-01-12 15:04:40+08:00", "suspect_from": "0x12da4ba53863981ce421c3914ea39ae5b020652b", "suspect_to": "0xbe1734d8cca5367b3e96d3d5645421c14cd4a647"}
{"type": "eth", "txhash": "0xa13ed3b6cb3fa61a5aceeaadc691f0e93a3d994156453de5a1d5941c4df63a0a", "time": "2018-01-12 15:09:46+08:00", "suspect_from": "0xf2aecfade04294dd13d257f9823f5f476dca53f6", "suspect_to": "0xbf870c4c338379d5a37a0efb60edb9cf7bfa42e4"}
{"type": "eth", "txhash": "0x1f3e186b09d40f67a6b7f9616ae3c4a935a4a6d1aae500fb5facdb2d038e9c8c", "time": "2018-01-12 15:09:46+08:00", "suspect_from": "0x547380a51dd69858fdf9159a6403b30ccfcaa24e", "suspect_to": "0x58996bb9dda2ac61f7924546fc39a225b253c2a1"}
{"type": "eth", "txhash": "0xd00f706fabc3b5f937d199a0bd71c6ade62cc947f4067ccf96e5459482f4a0ae", "time": "2018-01-12 15:10:26+08:00", "suspect_from": "0xe2858151cbca7d0af800679a388d23eb310322ef", "suspect_to": "0xfae0c2349516d9bcf8c201e8463253dfbbe94137"}
{"type": "eth", "txhash": "0x335d813e14d27e5042d9cf1877bb32e645149d180583001156483c9b16ccc30f", "time": "2018-01-12 15:10:26+08:00", "suspect_from": "0x3ca5280114a0545008eef869d71fb8d90bab457f", "suspect_to": "0xb2fd36fa905d4f6c7a72091fdadfd8fcb3a58bbc"}
{"type": "eth", "txhash": "0x196ba059770592292fd4cf7e15d9b8c01505da0e34c3052c1e3605bc6d5ed066", "time": "2018-01-12 15:10:26+08:00", "suspect_from": "0xc50e871819a2376ebcf3635a4e289445c380c456", "suspect_to": "0x38ba167248399127cee198d2a2ffec01b5c4cc98"}
{"type": "eth", "txhash": "0x96eb1f8e5fc39713eb7b99b4737ff6e9b57424ddcb925c9f6357a01105033b82", "time": "2018-01-12 15:10:26+08:00", "suspect_from": "0x491215bd99ad0d8b864cc464e87abdbeb69ef83a", "suspect_to": "0x00915af8913f0d2517c2eb9d451f85be0b050800"}
{"type": "eth", "txhash": "0x461e8ac9c705fd43c3ed36b0cdec7b6daca3f1ca66d2336949ba7cc305a6ffe3", "time": "2018-01-12 15:10:26+08:00", "suspect_from": "0xd7a988dfaecc76ca4c537d63a1eee5d428c61d16", "suspect_to": "0x905900fdb49661fc47cc54593ff98ee2228a7637"}
{"type": "eth", "txhash": "0xd34de08961ecb275af1c7343da41dbbc71ef712b7c4263216ea40f2986ac1e5f", "time": "2018-01-12 15:10:31+08:00", "suspect_from": "0x98321e27863117ff67a2e718c7717d3eeaad77b9", "suspect_to": "0xafc4afeb976b57355a579a2bfda1ebbe613a1f63"}
{"type": "eth", "txhash": "0x50608aa1befb5e1c8d99bf2eb546f42c39374c9f0dbcaf0bace78d90afd8cba0", "time": "2018-01-12 15:10:31+08:00", "suspect_from": "0xdb3a9e4c12c88fc4132fe289ddf353e957a04216", "suspect_to": "0x4442e0e41d59c1d186ffb73d721f55f5e57a6491"}
{"type": "eth", "txhash": "0xe37d74571de8a2e43e44cbc8dbf808c4ce67f870bc922a6267d034071395d428", "time": "2018-01-12 15:13:47+08:00", "suspect_from": "0x3cf81fef0fb6f5ea9134ed3a65bea51c9c4d4adf", "suspect_to": "0x4ca21b771035755d886ea4fcf13b64266d7b1e75"}
{"type": "eth", "txhash": "0x02b73d55b6cfea7d60cfb875dc499a93d02470f3febf5418da116d5b0bb39445", "time": "2018-01-12 15:14:49+08:00", "suspect_from": "0x1cbc39a3432a7e8cd7a9267535f7eb8d51486bc5", "suspect_to": "0xa96399e78fdaf35d756bc1dec9c2ea0ae2bad3f8"}
{"type": "eth", "txhash": "0xe76d5e22f13fcf92aae94119b3c5a6868b60b7a5e87c6e16bce1b6650632beb0", "time": "2018-01-12 15:14:49+08:00", "suspect_from": "0xdc4afffc8d68b25287780b9e39b336f218203fc7", "suspect_to": "0x1535b289d0293fdebf13f9d172aa7e36e2dbb1cb"}
{"type": "eth", "txhash": "0xe3f936c81f9886b61f8b71e693ff1c3f844f703fa38a4d58dcc7b260ba8fb53d", "time": "2018-01-12 15:14:49+08:00", "suspect_from": "0xb66197bb2b0e2015ff8477eac5e06cd4e2f34fc7", "suspect_to": "0xb3eaea9f68fb3130e662388d8cf46f3918cdc318"}
{"type": "eth", "txhash": "0x1434c5b13936a4a5d1d4feab188b1eb3beb82bac596db34c970b4caa9b5dcaea", "time": "2018-01-12 15:15:14+08:00", "suspect_from": "0x65ee6fa60d4304049ba5756ef109e953f842b15e", "suspect_to": "0x9febb7bacdbc13b0a1b7009948d596037472472f"}
{"type": "eth", "txhash": "0x9127c5b13506ddb0658f7c8cdd33150843b1e9c2182b786508fbddb47618ec2d", "time": "2018-01-12 15:15:14+08:00", "suspect_from": "0xaed9078ff1d29d785c5783c37342050f63fb7384", "suspect_to": "0xe742ea7e90140fc88c5b69009b1f1c4b61fbe096"}
{"type": "eth", "txhash": "0x5b9db0bba2074566ff8ccaba015b4786890f8f686f5727a5fcf1ded385899ca2", "time": "2018-01-12 15:15:14+08:00", "suspect_from": "0xfd89c6c5e2596cc6436c950ad5e39d012c92266e", "suspect_to": "0xbcd7dde329a81202230fd93b9bf932f130bf6955"}
{"type": "eth", "txhash": "0x5080324532f4e09fbbb8e859cb6f554fecccc384fcf75ecbedd2dbdf6c105cb2", "time": "2018-01-12 15:15:14+08:00", "suspect_from": "0x301ac11bad795317caf80c12c1c150f55375798d", "suspect_to": "0x3294ee1fdc5864a0e0411c8ea9ba7e71c773ebb9"}
{"type": "eth", "txhash": "0x5a19fa6d24bb32fb27262a22b4746650e2388c6b6d898ce265e609814cdb8778", "time": "2018-01-12 15:15:14+08:00", "suspect_from": "0x6ff66590f46e7cfdc13a12952db18ded4855eba4", "suspect_to": "0xf995abcd46bdcf2f781f63f59785dc753c052ef9"}
{"type": "eth", "txhash": "0x5fb1ed3c4ffffdf76cf767cab67190f373ae7182b0d42440a451dc2428930759", "time": "2018-01-12 15:15:14+08:00", "suspect_from": "0xe15bfb1fc8720b47ebe42db0ffbed20516c9169a", "suspect_to": "0x5510377de0f09e87186d4065d962d32e98a92b67"}
{"type": "eth", "txhash": "0x713ea1aa3cff13f19da101d043a8202f43a5bf16006461f5349d88f3f424024e", "time": "2018-01-12 15:15:14+08:00", "suspect_from": "0x2804a6a8c7aae7492d16ad1447064b7547e36b2b", "suspect_to": "0x239c11d20e1ddb5362e48c43986b23a109ba11d8"}
{"type": "eth", "txhash": "0x2c44a617d346c4e42da69408fbe9d37bfb1ba4f334392bed8f037934673dd02c", "time": "2018-01-12 15:15:14+08:00", "suspect_from": "0x1a3b1fdcb0c5df4d19513b6bdfd7d0021b9ac034", "suspect_to": "0x10d15510446dc6df795db55fbbf48d18d95ec4e2"}
{"type": "eth", "txhash": "0x1e9ea5e8a998106ac7cf972d6be0da74453d737e45f4a684fba86f3fe31eb2d4", "time": "2018-01-12 15:15:14+08:00", "suspect_from": "0xaf4c681c765ed43a2d0af9ab76aea6cd14fafff4", "suspect_to": "0xf53f296152f2f50cc59cc4092130a89c33e8d956"}
{"type": "eth", "txhash": "0xc20824feec357c5e5116894c8b7577dee26845e4e8fdd74e60eda5373a247e94", "time": "2018-01-12 15:15:14+08:00", "suspect_from": "0xf452b7cfb5be0b701713b2d29dc37429725bd7f5", "suspect_to": "0xadc5c6741c5e8bb529ada8d1e5ba01684f962d0f"}
{"type": "eth", "txhash": "0x5bd4825c38c6d32e4e466788274c4c48c158df30c74a95d4e646b087f7c34a21", "time": "2018-01-12 15:15:14+08:00", "suspect_from": "0x306f4b1a052c05f231426dd55f31e8fd667adeb4", "suspect_to": "0x7185c613cf0d65837b6bae5a834fcd1f3394701a"}
{"type": "eth", "txhash": "0x64e15e2c3c1d1b01754a0a610981a15fae33344fe61b57077fb3791793fb4e99", "time": "2018-01-12 15:15:14+08:00", "suspect_from": "0x6d52e83c51525893f5169c7294fb40231eb44a8f", "suspect_to": "0xfcc32c646f693e90ba43624176a1b7f8aa24f0b3"}
{"type": "eth", "txhash": "0x4ee44fb459d6c411161bf99844a6c2ebaa289a1e10286e4f0ed0cc24da9c8903", "time": "2018-01-12 15:15:14+08:00", "suspect_from": "0x1d84d271afa8764998411449e430fd61971721a1", "suspect_to": "0xffb27bb6d495b8ca02c3bf2acdfa8fa1cb7299fb"}
{"type": "eth", "txhash": "0xd1b77e5dc4e14f2217d2b256e00dbb695391d0b5df3332e2640880417271aa6e", "time": "2018-01-12 15:15:14+08:00", "suspect_from": "0x5e59780f42f439a0d1dd9a8b0ba57562f250038f", "suspect_to": "0xca379efadcade8e9682dd6bd44aab777ad38a25a"}
{"type": "eth", "txhash": "0xe297b35abb6a18047b6ab9460480ec9d7e6553d4bd69a7bb2c0affca47420056", "time": "2018-01-12 15:15:14+08:00", "suspect_from": "0xede4289cc216c124ac1abb3b183d2c5d0b7e28bf", "suspect_to": "0x13e6ae81c704859dcff3740acc977156f0c707b3"}
{"type": "eth", "txhash": "0x67f017fe890196d64febcb2bcf7fda3761737fa5d60a7fd07ed88b5f78ffefc6", "time": "2018-01-12 15:15:14+08:00", "suspect_from": "0x1f94be8b0a9f143422e4720a3bd62dfef0736ae7", "suspect_to": "0x38bd9265177b2d4949f871dcce5cb94da5f72ca3"}
{"type": "eth", "txhash": "0x1b977c63e0716314a01299cb2a24a0fddd39793fbf227efca25c883df7066dd6", "time": "2018-01-12 15:15:14+08:00", "suspect_from": "0xc073d22dcbeb55322300d8cad1b4db8dfbca7023", "suspect_to": "0x33fe11b39ade9bff84790d924f4280ab74330bc7"}
{"type": "eth", "txhash": "0xb3e08036a770b06899a839362f80745d70cf3a2e27091b79fd67504c4e38899b", "time": "2018-01-12 15:15:14+08:00", "suspect_from": "0x73f303bf3e68c35ea236941dd7e2ff82cd2e513d", "suspect_to": "0x23036680ab20f973b04ed21f422fee597cad2e81"}
{"type": "eth", "txhash": "0xb47d60eddfcff610fa84d808b7da71328837fc8429db46c20f7696d4737b4f00", "time": "2018-01-12 15:15:14+08:00", "suspect_from": "0xb3116a254592c6c8636eee441e1a15c3979abc15", "suspect_to": "0xd4ab8a8002315331996f00cf33b9f9fed3a9a4e1"}
{"type": "eth", "txhash": "0xd81caf10d8882b8e4c14bb642e3552ffead90080e6b28788caed9a3aabfa1761", "time": "2018-01-12 15:15:14+08:00", "suspect_from": "0x63a17dc00f4dc96b0622d9b1e0537170f791a15a", "suspect_to": "0x302d9279fbf0f2c3cfe8c9a985e0508cf5f01ece"}
{"type": "eth", "txhash": "0xaaf1346c7930935508985362c68230ef8692212a9be1775b18868edf8e67c8d1", "time": "2018-01-12 15:15:14+08:00", "suspect_from": "0xa7ab39f2f01cf7ebffe5930581c0040a9b924b46", "suspect_to": "0xbbaf3b5610b4b1511e7bf7394cb85fa21ad3d9b2"}
{"type": "eth", "txhash": "0x08a102a9dac69f9bfdf82aef3497ec3cc706ab58494099558b062c3b4d5160c3", "time": "2018-01-12 15:15:14+08:00", "suspect_from": "0xe504388cf1a61ad7de8da47df18da3abd7932679", "suspect_to": "0xaa9d881c77fab23faba14e7264b709a612bdbdeb"}
{"type": "eth", "txhash": "0x46983b96400dbd049328d72c694496069f88c7424d8f2eae97e80dc066727367", "time": "2018-01-12 15:15:14+08:00", "suspect_from": "0x793ba471d1ed9d03288a31a2a22ba75def31b9b6", "suspect_to": "0xe6c0fe5c6fe47bf5491c97f353839bae1d3ce780"}
{"type": "eth", "txhash": "0x4620a7708ec1f660256e7e042d0f20e8992dbf45f6105c3fa0f8980d89664f9e", "time": "2018-01-12 15:15:14+08:00", "suspect_from": "0x51b850aa6d78fc8f3548368764d15b9909557bb9", "suspect_to": "0xd60943008eaa484abf6116dfd6d6db52467392c5"}
{"type": "eth", "txhash": "0xa8a13c1643936052438b9d2c3ddad61350b566f06796e6b95fe0556d359b5fe6", "time": "2018-01-12 15:15:14+08:00", "suspect_from": "0xaed5a061d6f646a7954b107f677a4a65df5ab0c7", "suspect_to": "0xb178461c41076c2e063e896bc2ea92effb4f74ac"}
{"type": "eth", "txhash": "0xeb57ee892a0fd072245bf733fdbab5039af26e77ed55b5a7ecb82bc3dd944133", "time": "2018-01-12 15:15:14+08:00", "suspect_from": "0xde6056ec112b0181a0fc191f88968b4cf7a387b8", "suspect_to": "0x27a756b67fceb2ecc5e4cf00807b15fbe2a73453"}
{"type": "eth", "txhash": "0x9e6e1867c3f9ced76034e697407706f96652d13b60da495d7ec0f17b52cd6eff", "time": "2018-01-12 15:15:14+08:00", "suspect_from": "0xee10bbe013d78c43a6cc1bb33d191b681d723ec6", "suspect_to": "0x7dc379d633899f15259f267185c75b0a76631f5b"}
{"type": "eth", "txhash": "0x2736ab1c0faa174918997c85ac09199a9c94f3178343430024067b00f64d217b", "time": "2018-01-12 15:15:14+08:00", "suspect_from": "0x5e96c5ff87f91be2dd6c7b00511170e7ec4672d2", "suspect_to": "0x508d947e40b5e361ada0dd845c60b1d1c2d27d09"}
{"type": "eth", "txhash": "0x24cf1e6a2614d0d9d851f9ffa9b7702e3f1bbc1a3f2f781c93d490a2166ff93a", "time": "2018-01-12 15:15:23+08:00", "suspect_from": "0x84f5fa60b285be094f8a0f2c5c8ea7277da65f97", "suspect_to": "0xa380ba56ae908ce1e31f849428672a9e7a60ff9d"}
{"type": "eth", "txhash": "0xe36624c82a1c47dc3355e468c519d7205887668e1f8b89b27f51c3c3ba276508", "time": "2018-01-12 15:15:23+08:00", "suspect_from": "0x6258509bd22b0dfcb8ded43b0bf4debab4594dc5", "suspect_to": "0x7c20c2cb48c18f1a2ab0e782f57598a7b1e63733"}
{"type": "eth", "txhash": "0xdea8558c83a2c9b78a6377888cb4483ab2ba6143cadcd80f6d709450fae14dfe", "time": "2018-01-12 15:15:23+08:00", "suspect_from": "0xea1eefb31ed55715a27b7146fbffb5e59545dee8", "suspect_to": "0x04dc457f75353ea3af52d4996c90994cea7ea495"}
{"type": "eth", "txhash": "0xd8d622e09a76ded0bf80230bbae634e26c4fd456ded2ed7f5610d628fc15d76d", "time": "2018-01-12 15:15:53+08:00", "suspect_from": "0xb3eaea9f68fb3130e662388d8cf46f3918cdc318", "suspect_to": "0x309f45c3cb18d8feddb1f1f4f4da39a08d58ce9d"}
{"type": "eth", "txhash": "0x8b38ad9c86e95f92da36383d19c83aea60542a9c07b8280d216efde84c475774", "time": "2018-01-12 15:21:22+08:00", "suspect_from": "0x167a9333bf582556f35bd4d16a7e80e191aa6476", "suspect_to": "0x13940b4dc5e284762f560e6121ecaabaa10ea321"}
{"type": "eth", "txhash": "0xaa50747308119f2bc8d6e99cff6e90c0efd46e2266da9f8579e32256c5e3352e", "time": "2018-01-12 15:25:40+08:00", "suspect_from": "0x6fc9e66a10e772d14592f83b51dccaaa60a9a6f8", "suspect_to": "0x854619be0f013edbd6657e07cc992bfbfcea5abc"}
{"type": "eth", "txhash": "0xf57cb10423014375e032feacabc4fc874ea51c0bd564abd1d2243a263bb5e2bb", "time": "2018-01-12 15:28:23+08:00", "suspect_from": "0xf46fd6e0a1eed62e28adb76229617a49c44bbe1e", "suspect_to": "0xcc90eee641518ce6c19a1f43319ce2b9d3d6b57c"}
{"type": "eth", "txhash": "0x0ebeb93e8795ef4f3be9a483882b83a68d5bd202c01b1ec70e46ae6f398babe0", "time": "2018-01-12 15:29:38+08:00", "suspect_from": "0xf646ad55b75318fe48c8d53c7ce54f7a4c554fb1", "suspect_to": "0x8f7bc02a18e11aa409c39ea3ed26246cf8154237"}
{"type": "eth", "txhash": "0xf05b027baf36d86b1d71a5c77a72d8d9cc416d9e57fef74adb2a1d9d4344a5a0", "time": "2018-01-12 15:34:43+08:00", "suspect_from": "0xcc90eee641518ce6c19a1f43319ce2b9d3d6b57c", "suspect_to": "0xddea56757adcb80afdcc3a39019a0e7503d5ee75"}
{"type": "eth", "txhash": "0x77190ad8712fe62a3548d88429ffe7c31ca471e72c7230b221a16f62b71229aa", "time": "2018-01-12 15:35:21+08:00", "suspect_from": "0x893e4f08af2f044732b2cf41eac9c951276ee67a", "suspect_to": "0x5d54ae2e9d474ec69938ed20e0d94d0a5b9672c3"}
{"type": "eth", "txhash": "0x711922f8c34cf9902bceae23aca4a6d7d03cec7baa67216a4434a313f3161952", "time": "2018-01-12 15:39:25+08:00", "suspect_from": "0x1097383ff531fc7d7701fc484c63226cb4ed9749", "suspect_to": "0x4ed946f302a2b6e92ca43afde1145ede806fa0f1"}
{"type": "eth", "txhash": "0x61b177740de4cffece8b352838a7728ab44b86ecca1714cf63c93c7dbc38e77b", "time": "2018-01-12 15:39:50+08:00", "suspect_from": "0xfa8a0ca394805238fc4aedcc9f1558dcdee1b0ce", "suspect_to": "0x50f679bed769765bae3b3f1f77f3d37b6373687a"}
{"type": "eth", "txhash": "0x52b2c4c15c8fdd2a1e2f48ff5b2402153a2763a28ad1bae00f4000387ae8398f", "time": "2018-01-12 15:40:18+08:00", "suspect_from": "0x95f650dd7c1ec45ef991e81e34d397ef30673709", "suspect_to": "0x9b02c91568da836dea07dc10b94ef9837cd1d532"}
{"type": "eth", "txhash": "0xc269b7982b3bc14e409716742350de1b95cb45d09b8eb9ea794acd252451d5da", "time": "2018-01-12 15:40:18+08:00", "suspect_from": "0x569c2a97b392f2c8fd39863e55bc9866f9a9227e", "suspect_to": "0x253309cf3f064e27b7c2f11168b7a8f4dcfb2b54"}
{"type": "eth", "txhash": "0xedf9db380f128559228395bd895e476f2e2f981d8f8c02d5425321f3b7eda4d7", "time": "2018-01-12 15:40:18+08:00", "suspect_from": "0x7300c6952a2e551ef1577c6f3f3280aaa3c87484", "suspect_to": "0x8cfc9f521c71527e069c3275a69bdae885dcecda"}
{"type": "eth", "txhash": "0x5e80401072558d81f8ff5390effe3e68ea75e8febcb28388b0f6614956b6320b", "time": "2018-01-12 15:40:18+08:00", "suspect_from": "0xda79ffd4203575fb8c5d8a554ecda93cce6fa47a", "suspect_to": "0x9c3206349d935e8436e535d3d1d0dc0637a55aaa"}
{"type": "eth", "txhash": "0xc4486ff26680a95042dde1d7a345c0e3d59f078528abf4a7487c2f315a432b36", "time": "2018-01-12 15:40:18+08:00", "suspect_from": "0x1f79e9400a95f1a0a966dc41e159ad26387d8399", "suspect_to": "0x248ca8de2d5dd74665c866645d55068be00ecd9a"}
{"type": "eth", "txhash": "0x2b22aac9a572fbac4dc1230bb842202841d1c0e5260ca2bc88c4b847d35b49ef", "time": "2018-01-12 15:40:18+08:00", "suspect_from": "0x6df1c803daa6a98bbe120897a2f6e07a65ac7f9b", "suspect_to": "0xbfdabe90bf87ad89af464682d588950f87f87b18"}
{"type": "eth", "txhash": "0xa57679361eb74ebe4b3cf5c84867c0de6c90559b14a8e38605d6d7639d483768", "time": "2018-01-12 15:40:18+08:00", "suspect_from": "0xf2815de4ffa2b8260135e5ffba8380854ee318b9", "suspect_to": "0xf8b12848b8ee958faf09deec5bb02317865fbc9f"}
{"type": "eth", "txhash": "0x62d1d7f55d3f43286d66fa8a810fb9699fcedb79f8a2a8eba87e8dfe980af889", "time": "2018-01-12 15:40:18+08:00", "suspect_from": "0x231bc9692a4fffb8b63d466b85ec90e068a3c4fe", "suspect_to": "0xb20471c91fbcd70cca37cf05e62f2c070aac41f8"}
{"type": "eth", "txhash": "0x299373c8fb0a49c16370d84a8937f68fbd7be776bd3676f88b9e388f9ee4140d", "time": "2018-01-12 15:40:18+08:00", "suspect_from": "0x3ee3910ab1d0f67e6384f3e272c02804e839b014", "suspect_to": "0x942cb5cff40fd4b16af58e31acff1552d3af87ba"}
{"type": "eth", "txhash": "0x7203bc2cf045b4273cf34e67beac5a934f0ecc12eb0aa73ab935c295c3178942", "time": "2018-01-12 15:41:08+08:00", "suspect_from": "0xaaa7af7cbfcde4210504d291ad63cf8fdc0a0d13", "suspect_to": "0x5460c67da1f0e613f90cc8bb019a79f825a82168"}
{"type": "eth", "txhash": "0x16d84dcd47e073b7f0c2d973edcfba3a8a4b083b972fb1e581278462093826f8", "time": "2018-01-12 15:42:09+08:00", "suspect_from": "0xbda00bd6d66676157b4c3e6961090af5f46f3148", "suspect_to": "0x9e1514f5354d7e003502de51e4f559d9673a55b3"}
{"type": "eth", "txhash": "0x87797e1e6f118ccf60b1ee039f054167cc7b88f4c80cb3ad84c2c45da4523bf5", "time": "2018-01-12 15:44:12+08:00", "suspect_from": "0xc42dab65c4664ac930f436fbc133b75f3ec90937", "suspect_to": "0xd2ff261040a2d5943746d4d74764a0e2c153bfac"}
{"type": "eth", "txhash": "0xbf26d15385475833fa3a7c0e76ca4668a0a3bedb8b5da546f354d8acd13eb32b", "time": "2018-01-12 15:45:08+08:00", "suspect_from": "0xdd30a2592e54e5c93dd99b8c1466dd17d5b3c011", "suspect_to": "0x557ed8161edb08182e55e7a18ba6272d849dc78c"}
{"type": "eth", "txhash": "0x4cc8d46f59404efc1df585fae49776b11a5c2119f77301f4674b134cec9eb19f", "time": "2018-01-12 15:45:23+08:00", "suspect_from": "0x13940b4dc5e284762f560e6121ecaabaa10ea321", "suspect_to": "0x390de26d772d2e2005c6d1d24afc902bae37a4bb"}
{"type": "eth", "txhash": "0x8238e0dc2c5003fe2bd964e1e867ea74face081d9099b5b34cd5ada605e40890", "time": "2018-01-12 15:45:56+08:00", "suspect_from": "0xa0a3b60e530a2d6fed05743ad19279f28d278e80", "suspect_to": "0x5ad1771040980307be336b5be8cc80d70a9922f4"}
{"type": "eth", "txhash": "0x1ed5d0afb6ae2888e42fc08e9da13d21845c89d43497b66374801407a38c0b01", "time": "2018-01-12 15:50:30+08:00", "suspect_from": "0xcdb242074009e37bbdd6c2aad01d52c264ae8aef", "suspect_to": "0x789fbdc055ccce4d8309d22f5a71bdaf0d7171ba"}
{"type": "eth", "txhash": "0x52498b94e36d71efda8f243cdb2ba5375757740784771c1a17a159f9d56774a6", "time": "2018-01-12 15:50:46+08:00", "suspect_from": "0x94ab3f511986aadaed6b44d4a53fb3164d3ef3c9", "suspect_to": "0xbf08cd00c2b5e0d080706a780057c7aeb8041e61"}
{"type": "eth", "txhash": "0x3638bb7522b593c50fa1f9f0915e776884b18cf4b31dcda742599418b634deaf", "time": "2018-01-12 15:50:46+08:00", "suspect_from": "0x8de069e28a6f7c1330c8582a26b166ce6e6c12da", "suspect_to": "0x9b84bf6e1927901ef124e92c730689371d664c6a"}
{"type": "eth", "txhash": "0x7681992d8e3dc6f7efead8ffcdcc4ccefa81e539d5616b860db63a409c1ee72e", "time": "2018-01-12 15:51:30+08:00", "suspect_from": "0x3a791236396909ecf7f3a4000f2dd84263279afb", "suspect_to": "0xe85916cc9943ab8c485c81342304d74625a43c2d"}
{"type": "eth", "txhash": "0x35dba3f0208cf0641024750e5a238134954c9b8cafb0c51ee421da7ab0f96bd7", "time": "2018-01-12 15:51:38+08:00", "suspect_from": "0x9f627cccb950b176381c1cf1029707d8091f709f", "suspect_to": "0xd5415a5a97b9f33a07f33ba37cc06c61c9adf62f"}
{"type": "eth", "txhash": "0xed899ce69169274480df499b41c763213da0d05901a3926b3c0f0d7f843f01cd", "time": "2018-01-12 15:51:38+08:00", "suspect_from": "0x5b097211359d4982a39f7923cafb7428b03a7f7d", "suspect_to": "0x838a3cb08482345b85331bb4006b21b6816bbaa6"}
{"type": "eth", "txhash": "0xe80aed181853fed692a61c83180d71bd2cc41f1f12c5f3ba078d90e759ac76fa", "time": "2018-01-12 15:51:54+08:00", "suspect_from": "0x49680ad56b54c5679161750f85c03071df7f44da", "suspect_to": "0xb9112c80a2e730b4d16245f1aadeaa505fe1efc7"}
{"type": "eth", "txhash": "0x593c4d84a47036e57588035ab8a6f79a598c889899d8b101f0606f625aedc46c", "time": "2018-01-12 15:51:54+08:00", "suspect_from": "0x6786a9fb09e7402a83711b22172c94486d593989", "suspect_to": "0x7d869a22209923be80fe7dc0f5372f862c12d042"}
{"type": "eth", "txhash": "0x054663f33b4c09dd8d9da000e752d1bddf52928754a59ab89b72fcd465802cb8", "time": "2018-01-12 15:51:54+08:00", "suspect_from": "0x1600c41b6d31acfb63fd70818f84b4e02829b922", "suspect_to": "0x8dddd89524ec3ea5903e2042cd6f32cf9d7a4371"}
{"type": "eth", "txhash": "0xea5d651447d84b43ee5c76ad10c50927ef58f44f6204098008cb9a7d197a533d", "time": "2018-01-12 15:52:36+08:00", "suspect_from": "0xaf060083a685a1c59b4f49df54ef803d92bed96a", "suspect_to": "0xe28da70af1c74c7449582d254e2cb5d4e96ad99c"}
{"type": "eth", "txhash": "0x1ca33c5f26ad1c689fd9a1d9c9325b8be775f2fb90b561e23d3f42626a78effb", "time": "2018-01-12 15:52:36+08:00", "suspect_from": "0xfd4f130b6b396c74da2f6972b6e4251f8d2acb16", "suspect_to": "0xa2efe0d4c3212e6412338b4ace28f0f3148efe09"}
{"type": "eth", "txhash": "0xffebb2e4851555a416f5eba4c19bbc69bc81fd46fb47f162cefa3434c651b107", "time": "2018-01-12 15:52:36+08:00", "suspect_from": "0xc4bcc4d4df42a34996076e82fa225f571baab224", "suspect_to": "0x632dc552d3106682275d7783538e845883183d98"}
{"type": "eth", "txhash": "0x4b9a274069099219bdf1f13faa09534099913e95f3db49a6a1ab8f81fde034f8", "time": "2018-01-12 15:52:36+08:00", "suspect_from": "0xe6fea72e00cc2bc6928dc34b7bac492a2a57cf0d", "suspect_to": "0x719e152dcedd2068cafa4a8e578711bc637b5557"}
{"type": "eth", "txhash": "0x18c8de417fd17bc260e8430139cb3ca88d2a4fc1c7cea28d1af5eb20d1196f80", "time": "2018-01-12 15:52:36+08:00", "suspect_from": "0x57a988052588fdddaa3cd5157fb00d7b290728b3", "suspect_to": "0x312b3694294dc0cb29db778bc214b542d8dfdb59"}
{"type": "eth", "txhash": "0x8ef2eddb5682a87f90ee14f163719b37b0902307f880ede8e5cdd64cdbfbdb84", "time": "2018-01-12 15:52:36+08:00", "suspect_from": "0xbf589a25e62055f6d9e78ece9a84bdc9b94bba60", "suspect_to": "0xe7675d2c4e995241d2c728d22609923f9c764083"}
{"type": "eth", "txhash": "0xf3c47edccabed3f80f117af641dbec3894fce79078f1afa3d44f6d3fe3d43432", "time": "2018-01-12 15:52:36+08:00", "suspect_from": "0x0601bb07d4fa1ecfd3b58bfb3353402fda5c0bc9", "suspect_to": "0x6d375f77b154390975175d4a91b2cb48a8a8b0e5"}
{"type": "eth", "txhash": "0x7ea6484995df5558e90bf8bd2fb32e643ee217233c001b086174a788186076b9", "time": "2018-01-12 15:52:36+08:00", "suspect_from": "0x9273b9759e97540775b218f40569a85689e21693", "suspect_to": "0x94036934d04bb34bd0341bc3fa8ed11dda23d0fb"}
{"type": "eth", "txhash": "0x86e974edc2c41a6010043e5f40a0fe44c95c32effd6695031391304190dfa165", "time": "2018-01-12 15:52:39+08:00", "suspect_from": "0xe44a262d56a91d264cb5f2275cf928111e509a4d", "suspect_to": "0x13290ae4aed69dd0dbcdb44d65cc18d5453da9c8"}
{"type": "eth", "txhash": "0xe57fab65ea403e493a77ec8ca7fb109031c2bad2bc6c11455483a188f7742c44", "time": "2018-01-12 15:53:31+08:00", "suspect_from": "0x790b8da935ae1d836cd75b603df2068c10a2ad7f", "suspect_to": "0xfbe584b2c7e53f59eb5da03a5d02b5f42bc1df3f"}
