{"type": "btc", "txhash": "ca7a699bfa4c09a9940712763f6e8184adf7b0e17961239730b9c1cd01918642", "time": "2018-01-13 04:10:57+08:00", "suspect_from": [], "suspect_to": ["1Kg3Js7aCsXhXC74pBw3kz6RPBst3A3C7B"]}
{"type": "btc", "txhash": "69b20da3fce0001e2590c529089790e50e53fd0d4f682ed065702b7c822c28a4", "time": "2018-01-13 04:10:57+08:00", "suspect_from": ["1Kg3Js7aCsXhXC74pBw3kz6RPBst3A3C7B"], "suspect_to": []}
{"type": "btc", "txhash": "6e33663b336436a43130a405d8160a7f017c026a75a23213c7058a319f5faa26", "time": "2018-01-13 04:10:57+08:00", "suspect_from": [], "suspect_to": ["3Dyos8RiuLcSsu2NsEDVNdpLQAELwoZMNR"]}
{"type": "btc", "txhash": "3ea61017adf8360f4983562699fd469f516abdd7fcc47b95013ff36a2f41c7d7", "time": "2018-01-13 04:10:57+08:00", "suspect_from": ["17C5RZzJSdzoGaEHBJtquiVFcE8SXoa8qJ"], "suspect_to": []}
{"type": "btc", "txhash": "84310cf2e1ec89d86d1124f3d04d38b802cea6705587d4fd8218bdb6f64d122f", "time": "2018-01-13 04:10:57+08:00", "suspect_from": ["1FjsBvYVf7u9eUfivax8UsSajUTW8WSybT"], "suspect_to": []}
{"type": "btc", "txhash": "55872765a1e5e39e43278c61d8c221d30732f71074556365456a96685b3246c6", "time": "2018-01-13 04:10:57+08:00", "suspect_from": ["12ncYGCKgkBna2AJEz6Q9ZWgpEgiKozWy5"], "suspect_to": []}
{"type": "btc", "txhash": "e6ed37c7c1500ff0eceb87f2bc31d51cdf07926f505ab0e062f25a65a900888b", "time": "2018-01-13 04:10:57+08:00", "suspect_from": [], "suspect_to": ["33JUCVJqWtURUy5pxCwssCNkhnd9iSJ9c6"]}
{"type": "btc", "txhash": "a1397fefd27d9c693a71319225d67cd6d5cc84eb45849cc6316875d400f147ca", "time": "2018-01-13 04:10:57+08:00", "suspect_from": ["14wEWkhsz5HwGRAHYfiqecPyxRwwyuMGsm"], "suspect_to": []}
{"type": "btc", "txhash": "ef93d9005d820ed345db7326896dfad887cd9e8eb5cf1622abe9c94d5d76f2b7", "time": "2018-01-13 04:10:57+08:00", "suspect_from": [], "suspect_to": ["1A5nfhECnGWkMjr8QdP98Q3dfJQfgNvXYY"]}
{"type": "btc", "txhash": "54c91957690c2a38c3996271bd699a74af853db6de6b4560b4626bc707343610", "time": "2018-01-13 04:10:57+08:00", "suspect_from": [], "suspect_to": ["1CN9tHzK6xig9YeV8QRombjep9VdbC2psg"]}
{"type": "btc", "txhash": "5aef3f09007605a2357a6e4abad6684e6e34dcc24221980f1fcba1596d95f544", "time": "2018-01-13 04:10:57+08:00", "suspect_from": ["1BkaJ4NVp6uzCpZqbTttTpeyXpPipjpWeW"], "suspect_to": []}
{"type": "btc", "txhash": "957bbadca32a27ee01e7c2113d249eb09e393b39542b9ff1182f4b21d1ce8a48", "time": "2018-01-13 04:10:57+08:00", "suspect_from": [], "suspect_to": ["1PUhB8buHqZqkEYyTMvRMFW3Jhz2vBK244"]}
{"type": "btc", "txhash": "11f7f65adabca8bcff03d4b76ec0c848bbd23325cde7cd6d9edf8f837cdd28e9", "time": "2018-01-13 04:10:57+08:00", "suspect_from": ["1BiXU4nLqkRswVxcJUeacvUwLibNzAh5cj"], "suspect_to": []}
{"type": "btc", "txhash": "62b48246d0c9b0c1a369763ac28250422202a0a03c52f3b98a90918f80cd6dfc", "time": "2018-01-13 04:10:57+08:00", "suspect_from": [], "suspect_to": ["1FpYQFTYvrcbQtJLG6naisVniqaYBorzoT"]}
{"type": "btc", "txhash": "87f92c5fb1d2fef8ccf98da71d6e904544998a810cf315fb7340e8131ca242ad", "time": "2018-01-13 04:10:57+08:00", "suspect_from": [], "suspect_to": ["3K8eu5jDQ9pGaUxMiSC5EPxpMTmfZimQ9F"]}
{"type": "btc", "txhash": "74d9ecab0b307e4ec6731d449fc1bd45ba3ef88733f886394e7ab6ad0faf6708", "time": "2018-01-13 04:10:57+08:00", "suspect_from": ["14kTqjVRA9PL44EnWz9qT1cMWtwAK54i8v"], "suspect_to": []}
{"type": "btc", "txhash": "b5462b1e66f366e7b4073ff4a0cba8f4bef5cdbacb83fde8af5e6fdceacaf896", "time": "2018-01-13 04:10:57+08:00", "suspect_from": ["1DfaT3paPdtq5uZXNmRKChKHTbo42yLpv5"], "suspect_to": []}
{"type": "btc", "txhash": "af1a8810449c968ca82772104ad5624073b5ea873984d58ad29957fc97eadba3", "time": "2018-01-13 04:10:57+08:00", "suspect_from": [], "suspect_to": ["35dk2HyxjBXxPRVS9SBfaPn93pshmurfjQ"]}
{"type": "btc", "txhash": "546662487372ac86387d16d9ba97b1ad5db6a6101e74da39da3514601e0b6864", "time": "2018-01-13 04:10:57+08:00", "suspect_from": [], "suspect_to": ["39VPLX55HXnhDXiAi7semug9Gm1phR48uE"]}
{"type": "btc", "txhash": "fa1289058c02eea4ca3ba0e04d30ba13545442cc758a11b188d0098e61c68a94", "time": "2018-01-13 04:19:39+08:00", "suspect_from": [], "suspect_to": ["1K8ZYtR3KGFvH1M5hsCCE65YQZdPyJSHic"]}
{"type": "btc", "txhash": "7ecc968462b56d7560982354e9523b376fbd84c14c7c513b1eeb6cbfa8cf3606", "time": "2018-01-13 04:19:39+08:00", "suspect_from": ["14ukvdg7dXAUocgkLAC9cnMkvaQ3Nz9Ppg", "14ukvdg7dXAUocgkLAC9cnMkvaQ3Nz9Ppg", "14ukvdg7dXAUocgkLAC9cnMkvaQ3Nz9Ppg", "14ukvdg7dXAUocgkLAC9cnMkvaQ3Nz9Ppg"], "suspect_to": []}
{"type": "btc", "txhash": "6860300caa3853ebf4b164a1ca1b1b1179f5e0bf09eaed5891dc9160081827cb", "time": "2018-01-13 04:19:39+08:00", "suspect_from": ["3JVQcxYxJn7Kp3ZYjKtKzpU7YT3Am62a52"], "suspect_to": []}
{"type": "btc", "txhash": "0f4a4fb5600695a08ca6551b3ca711dd3a21c0b8a2f01965708e1b68daceac83", "time": "2018-01-13 04:19:39+08:00", "suspect_from": ["3QTUJpyMoUUaKCnGQKaVGYFGtdWCHAidib"], "suspect_to": []}
{"type": "btc", "txhash": "6dbc9e26a3df6364d68c7daa012e17d36371d21435f3480bed1e48e8a4d789eb", "time": "2018-01-13 04:19:39+08:00", "suspect_from": [], "suspect_to": ["1J37CY8hcdUXQ1KfBhMCsUVafa8XjDsdCn"]}
{"type": "btc", "txhash": "77818f71a75225f4dca23559b40a82ff98eb86338073ce5c4a885ac250fa070f", "time": "2018-01-13 04:19:39+08:00", "suspect_from": ["1A5nfhECnGWkMjr8QdP98Q3dfJQfgNvXYY"], "suspect_to": []}
{"type": "btc", "txhash": "891ab9a04d5b1ecc1eacf6b4e7bee9f29ff538ad141516434c842ddae4afce05", "time": "2018-01-13 04:19:39+08:00", "suspect_from": ["1PUhB8buHqZqkEYyTMvRMFW3Jhz2vBK244"], "suspect_to": []}
{"type": "btc", "txhash": "5711c58edee1283678ac4945cef7c4e894075025912db8649bb6f58e6afe8a17", "time": "2018-01-13 04:19:39+08:00", "suspect_from": [], "suspect_to": ["1LCfy1acS4sdR8xNxrrB84wHqpHPmZU1Cc"]}
{"type": "btc", "txhash": "c0d049d3ed12461105ddd7d416833e04fd8e83977ab7403b95eca29469cfa088", "time": "2018-01-13 04:19:39+08:00", "suspect_from": [], "suspect_to": ["1P7SY9PaNeetbV5yiphoygaJavwXsZnbB1"]}
{"type": "btc", "txhash": "a6f72399d7e4002f6a72b403345060f3bc73e6820d5353090daeba8a9fe017ca", "time": "2018-01-13 04:19:39+08:00", "suspect_from": ["1CN9tHzK6xig9YeV8QRombjep9VdbC2psg"], "suspect_to": []}
{"type": "btc", "txhash": "3a9acdc51544a0b2e50821d41fbbbb6ebeb06c5b601599ed65d18d09bfb122e5", "time": "2018-01-13 04:19:39+08:00", "suspect_from": ["1GN6nF5a1cbMohJ9gPDLYAq2R6ctuzKQTJ"], "suspect_to": []}
{"type": "btc", "txhash": "7cd9f2515553a31d6eed48d2370afd7e9a24be14dabcd1a45a897003e21dc204", "time": "2018-01-13 04:19:39+08:00", "suspect_from": ["1PdkCpuujTP95HoUh1fmsj1Hfj87i7mFLs", "1MZcivWvRusjLZpFHipiscH9NvvPSsNvud"], "suspect_to": []}
{"type": "btc", "txhash": "782c98d9cd63d729fe4cb4194fe6731b3dac500130cf40072d28f1c2caf027a6", "time": "2018-01-13 04:19:39+08:00", "suspect_from": ["1PgpGH1DkEYrDynvTg2nZVSFnEByP35jCp"], "suspect_to": []}
{"type": "btc", "txhash": "507a380b14bd34d04a4063a9dba48897600db88619db3ead45225de7058a22cd", "time": "2018-01-13 04:19:39+08:00", "suspect_from": ["19bdAAdqZXiRrbMFSbudrvbs7gGuciwXMc"], "suspect_to": []}
{"type": "btc", "txhash": "06e41d4b5002b4aeafdc8e1c9a7499db4b572828e127b3d855c5eb83f590287c", "time": "2018-01-13 04:19:39+08:00", "suspect_from": [], "suspect_to": ["325AT1BJChW96x5dBagDyRfPPmJ9gAkjgA"]}
{"type": "btc", "txhash": "52446797e5cce33e7a026e7d67c8ad770b37fe889dab2c28c94adcd4cb44cb93", "time": "2018-01-13 04:19:39+08:00", "suspect_from": ["1EJo7TYZm4mr4gwjeqJRCPpTXjHz1hzhH8"], "suspect_to": []}
{"type": "btc", "txhash": "1b9c6c261d9684b03585d07dde64cf04f3c77d95923366732e96298a7a7b818c", "time": "2018-01-13 04:19:39+08:00", "suspect_from": ["1Fivj1UYexCZKHA4SWGmUAyZfJN3zdv7iz"], "suspect_to": []}
{"type": "btc", "txhash": "2aeaecb461c42ff653cccb47c8fc33daeb030ef6b937a85e36190690d0ae7891", "time": "2018-01-13 04:19:39+08:00", "suspect_from": ["1KKHssfYT8euLYUWsAuN8zgzPoXJdurtGM"], "suspect_to": []}
{"type": "btc", "txhash": "0e040be558d38971ee24001a5038ede9b9087960ce74710e286be5c07f9a1600", "time": "2018-01-13 04:29:26+08:00", "suspect_from": [], "suspect_to": ["1D1JWYzwFEaXzH6ksakH1dn7TbBuDTLYwx"]}
{"type": "btc", "txhash": "157ab73accf2cdf107007256d2f2bcf7bafa8e4c1641926aa4b6133c52ea39de", "time": "2018-01-13 04:29:26+08:00", "suspect_from": ["1LCfy1acS4sdR8xNxrrB84wHqpHPmZU1Cc"], "suspect_to": []}
{"type": "btc", "txhash": "0fe764b33a74ba4833f8b2c927a513952d49b19d083f58be7a7790fa1504f244", "time": "2018-01-13 04:29:26+08:00", "suspect_from": [], "suspect_to": ["17aCtYqjgbt4pFm1aTb9TGH9HUgH8dtN5M"]}
{"type": "btc", "txhash": "3beb00ce38d1a9819878a19bf4e939cc004831177dcc7ffbe4d8325a6e9dfd74", "time": "2018-01-13 04:29:26+08:00", "suspect_from": [], "suspect_to": ["1DsjvhXBgisLnJHZtxnbnR6ovTbnLyCYQ9"]}
{"type": "btc", "txhash": "07bdd2ac37af2a3500b5f4f710197712d4e5b0b1f3852d2b1180ad9781cc4b14", "time": "2018-01-13 04:29:26+08:00", "suspect_from": ["1K8ZYtR3KGFvH1M5hsCCE65YQZdPyJSHic"], "suspect_to": []}
{"type": "btc", "txhash": "42ea487267b3123dfc1cf21633a69c315efdbf3cdb7c8d0f5e089049cb31e541", "time": "2018-01-13 04:29:26+08:00", "suspect_from": [], "suspect_to": ["128povQ332EPWeCxF9nErzKJMwmjKSVD8v"]}
{"type": "btc", "txhash": "90aecdbcb0b31a4292e0fd5d3248af3da41df078c38e701aa51f622f524c954d", "time": "2018-01-13 04:29:26+08:00", "suspect_from": [], "suspect_to": ["1D7XUbeFyVArLr5MRFsDaxMhbsMGuErMn3"]}
{"type": "btc", "txhash": "40b7399471c6b363c5ef55c9e0fde5ee95497d34b2783929a743f1829cb35970", "time": "2018-01-13 04:29:26+08:00", "suspect_from": ["1P7SY9PaNeetbV5yiphoygaJavwXsZnbB1"], "suspect_to": []}
{"type": "btc", "txhash": "061bd02c91244b4a61e7819d8e0269c6de07fc92ad8f06d36327eb33739b71d0", "time": "2018-01-13 04:29:26+08:00", "suspect_from": ["1CwYtosiPFwsB3tgGS3QquPa9VUV5Mi55v"], "suspect_to": []}
{"type": "btc", "txhash": "e8d32dbcfe144e20e882e7de24fdc1a42b9b2a4482ef94883a93e2ace1db425a", "time": "2018-01-13 04:29:26+08:00", "suspect_from": ["3BKkcWZt3Pxp82TwH8wj7KbZPxFThKdVhF"], "suspect_to": []}
{"type": "btc", "txhash": "0889fb4a5b58afc0c0ceef72963561c9ea7ebc800f6b29a1c869376796e35c19", "time": "2018-01-13 04:29:26+08:00", "suspect_from": ["15LsNpr77kaKKHL5VLWJQnVLGNraQfPrd2"], "suspect_to": []}
{"type": "btc", "txhash": "5a14cbd35d5e966718f598823ce67a2236920503fccf2da0238b8952969176c9", "time": "2018-01-13 04:29:26+08:00", "suspect_from": ["1J37CY8hcdUXQ1KfBhMCsUVafa8XjDsdCn"], "suspect_to": []}
{"type": "btc", "txhash": "01bda5d4c84b3eb6076c114d30e209eaf1ce8f87df982b27ef562acd2e03b385", "time": "2018-01-13 05:01:45+08:00", "suspect_from": ["1Jt3Y4WLQCTfVKkrsq39pGBYm5Ng8fK5mm"], "suspect_to": []}
{"type": "btc", "txhash": "4fa957ba0a1d35abef9650c8e9720b3cac09cfabcf0a50b3a7030be247a29e1c", "time": "2018-01-13 05:01:45+08:00", "suspect_from": [], "suspect_to": ["13hXvHf1tYKhTHJJXZVKyCgrkfUa2acPjS"]}
{"type": "btc", "txhash": "d021b00513a64a35ba1c3b0074c9cd4e4f23a3b3d483dbdf4ad44a2541729d76", "time": "2018-01-13 05:01:45+08:00", "suspect_from": ["16dzp8MXxoegvCHp5sggTok8xbUsHGY1BG"], "suspect_to": []}
{"type": "btc", "txhash": "b7ea30763d275b50102f959ed8bdfaf8b2152ed4c83d627c7dc7fc0d33c5fd29", "time": "2018-01-13 05:01:45+08:00", "suspect_from": ["1HpVWvicb6Jo65a7d3tPbmUr3TD7e1SrN6"], "suspect_to": []}
{"type": "btc", "txhash": "eefadf299ae1eb0949552fa5d245e61d25d38e0ab369b0d1978e5dee35f262c6", "time": "2018-01-13 05:01:45+08:00", "suspect_from": ["3PbC8Mmyqu5YQAXdMqcFto8S9kkXq7fMy5"], "suspect_to": []}
{"type": "btc", "txhash": "93b42d426b0229a25139a700c271d51bf0d7666fae00012f8b3200f2b4fea468", "time": "2018-01-13 05:01:45+08:00", "suspect_from": [], "suspect_to": ["1NcpHTkUd714iSPR5hqsVUyuKn5Vk2iiLB"]}
{"type": "btc", "txhash": "3c32a0f52fc3e15a86a828a7e08f3dadcef5c322e2670b87634b1f1e4dee5b92", "time": "2018-01-13 05:01:45+08:00", "suspect_from": ["3QDG2xoeiSJXQi1NQnu3ciz9EYzNoqB9ZK"], "suspect_to": ["1A2uZmtd1DZwu3Ji2oXBg4K4BojbjaFcJR"]}
{"type": "btc", "txhash": "2fb45752452cd79c1fef145df55fcedeb65a4b15d002082b6eedf7dd64245f88", "time": "2018-01-13 05:01:45+08:00", "suspect_from": ["1GcwWGPqJbqTJtS5sjVSquK4PKGuk5ZurX"], "suspect_to": []}
{"type": "btc", "txhash": "12fcb809a1faed0058634f358e1785647d37209c83413d4988dc7c5f7d6723e5", "time": "2018-01-13 05:01:45+08:00", "suspect_from": [], "suspect_to": ["3Bxhj9ju3knhHPLsw8NnKQkscJx577x2z1"]}
{"type": "btc", "txhash": "f71abe34d4b5ac56a5a08851a100cacd26db9fc7b67ac08d637f181443d76f75", "time": "2018-01-13 05:01:45+08:00", "suspect_from": [], "suspect_to": ["1HUwPcSBWgf4nTRc3njPNMTpVw95kGaJjZ"]}
{"type": "btc", "txhash": "4ea777fb6c24ed67fafb62f59cea9cd2609a2b4bcd7cec40c2342a2b6f202e91", "time": "2018-01-13 05:01:45+08:00", "suspect_from": ["1BXQA753rtCndkEp7xPTYjbkY1VCYkZ5ye"], "suspect_to": []}
{"type": "btc", "txhash": "bcf6b0a0f1cca116b406b81979bcc04eca12c01d1021ca911b88d5991196a75d", "time": "2018-01-13 05:01:45+08:00", "suspect_from": [], "suspect_to": ["17pWS42weP2csAj3rvDjnzURQB2Zh82ikp"]}
{"type": "btc", "txhash": "8b0fe9445df1d392ed3fd61e2137c6ca49886495d7ecea59ef227966ce181122", "time": "2018-01-13 05:01:45+08:00", "suspect_from": [], "suspect_to": ["1HAj5NumGBUR7fgVAYdTFJG8NGEK8Wi9rw"]}
{"type": "btc", "txhash": "efa765f96e3c4593c1d6c23ced734215d498c77af22b6a865ce1617c03221e3c", "time": "2018-01-13 05:01:45+08:00", "suspect_from": ["128povQ332EPWeCxF9nErzKJMwmjKSVD8v"], "suspect_to": []}
{"type": "btc", "txhash": "d9c2f2f5b0fdec14c55f6a42f7dc54472733cbb77cbf31c8e719cf34a612f243", "time": "2018-01-13 05:01:45+08:00", "suspect_from": [], "suspect_to": ["1LMQntdJ2jGNpvVWYcyDSNPyicDodNHJ9S"]}
{"type": "btc", "txhash": "6c05eaabe00f31eee8d70730e754d900a2218e98f13cfc95be1554884fe00778", "time": "2018-01-13 05:01:45+08:00", "suspect_from": ["1D1JWYzwFEaXzH6ksakH1dn7TbBuDTLYwx"], "suspect_to": []}
{"type": "btc", "txhash": "eaf6e1293db29138282867c9e692a7cf1e12812f507419f1d9abd2a0734f6ab4", "time": "2018-01-13 05:01:45+08:00", "suspect_from": [], "suspect_to": ["1Hp6MrY3Lz2WUBvPKpVgzM2HEywCGdHEgA"]}
{"type": "btc", "txhash": "21a5a57428b65b63a828dd79bac1bc775e966fcc94a66455135b0a844ce3c5ec", "time": "2018-01-13 05:01:45+08:00", "suspect_from": [], "suspect_to": ["1nsrmBmgkq38ErkWAoX5UAD4mig5QUK53"]}
{"type": "btc", "txhash": "bd9962568e144196d205c2e4aaf4ad9117f867e0b97b849c65800a1fc897aa66", "time": "2018-01-13 05:01:45+08:00", "suspect_from": ["19PxT3yRNmfPTcP868xLqu9fbgU6xzwVSs"], "suspect_to": []}
{"type": "btc", "txhash": "23e3bb7e126ce2ab8568215283b89978cc435417ca167c7ce0f8096fe3d41a70", "time": "2018-01-13 05:01:45+08:00", "suspect_from": [], "suspect_to": ["1KBwhhacfiTWDcqxJcfvX6rD44TWZzGeTF"]}
{"type": "btc", "txhash": "d5441d60c91ee6696dc63dd538e8ef9f5d8a3d5f3e6e26ca61f24c2aa4a3805d", "time": "2018-01-13 05:01:45+08:00", "suspect_from": [], "suspect_to": ["1CY3CCRVL9nskBbKbnkg8QoiUmhgMJKF3i"]}
{"type": "btc", "txhash": "3e7d1651022d4a761ffd574d10f94c769a66e44ae66f0fd935cb3ca5191fcb93", "time": "2018-01-13 05:01:45+08:00", "suspect_from": ["17aCtYqjgbt4pFm1aTb9TGH9HUgH8dtN5M"], "suspect_to": []}
{"type": "btc", "txhash": "90ecf96a255deb19ff73acfac72d67d1282805256be2f407852d879cd8631032", "time": "2018-01-13 05:01:45+08:00", "suspect_from": ["1DsjvhXBgisLnJHZtxnbnR6ovTbnLyCYQ9"], "suspect_to": []}
{"type": "btc", "txhash": "0289886d08ceaa51e82ed4a59efe5da3b736479238db1620eebd1f9a1bd6f289", "time": "2018-01-13 05:01:45+08:00", "suspect_from": [], "suspect_to": ["19T2LCq3SXci68MKAMjQ6emujjGZ7yA86F"]}
{"type": "btc", "txhash": "27f1505f365904268552347b578fa66f23ef5999e41825c034c53e3e515070a7", "time": "2018-01-13 05:15:28+08:00", "suspect_from": [], "suspect_to": ["1GPCWSEZq9zhZ7D7TLi1oXvfTuTbViBWXd"]}
{"type": "btc", "txhash": "74f60548e3b4a92609483a6aecb443d8181b10ece2bc81e0b4ad5ca27c23cc28", "time": "2018-01-13 05:15:28+08:00", "suspect_from": [], "suspect_to": ["37vV2GbJwSRpSH3vb27NJV7wLB78zJv4bX"]}
{"type": "btc", "txhash": "d3e9b222dc6276936798ffdf43176677b2664a8b3e1fc9b49346e88c941e7c07", "time": "2018-01-13 05:15:28+08:00", "suspect_from": [], "suspect_to": ["3LZdCRY5P15w3iXV9ekABp7JVLrCPbnv4E", "1v8Q7YWfCCywTjCoqXUSDYaRpKnHB3SHw"]}
{"type": "btc", "txhash": "0db7378bb323d9146cfb753db9ef5190a2ffa360ae5d509efebc41d078062603", "time": "2018-01-13 05:15:28+08:00", "suspect_from": ["1v8Q7YWfCCywTjCoqXUSDYaRpKnHB3SHw"], "suspect_to": ["37wSH7LvFPGdjDZp6j5TMHdMaQ4Eu1QEZZ"]}
{"type": "btc", "txhash": "22de751b11406605b65430728d81c5c6e803eb3ede97dfab0efc3001532b3e92", "time": "2018-01-13 05:15:28+08:00", "suspect_from": [], "suspect_to": ["17ScKNXo4cL8DyfWfcCWu1uJySQuJm7iKC"]}
{"type": "btc", "txhash": "1a535e66e7faba3c9cab1ce4f5aeef61c2eb33c8382c904ca4e63437b0a8e035", "time": "2018-01-13 05:15:28+08:00", "suspect_from": ["17ScKNXo4cL8DyfWfcCWu1uJySQuJm7iKC"], "suspect_to": ["17ScKNXo4cL8DyfWfcCWu1uJySQuJm7iKC"]}
{"type": "btc", "txhash": "69a378b5de7d1eec56b8c789bdea4886026cce8fcef56141d8402e140df0227b", "time": "2018-01-13 05:15:28+08:00", "suspect_from": ["17ScKNXo4cL8DyfWfcCWu1uJySQuJm7iKC"], "suspect_to": ["17ScKNXo4cL8DyfWfcCWu1uJySQuJm7iKC"]}
{"type": "btc", "txhash": "6f6b02c7114e40b5a3c42f1917801d88b709650029e9d9e56e42b951e96f96ba", "time": "2018-01-13 05:15:28+08:00", "suspect_from": ["17ScKNXo4cL8DyfWfcCWu1uJySQuJm7iKC"], "suspect_to": ["17ScKNXo4cL8DyfWfcCWu1uJySQuJm7iKC"]}
{"type": "btc", "txhash": "2b676255e0de1ec59e6081981717e21ecccf9ddbb00fd064b23b897d03fece49", "time": "2018-01-13 05:15:28+08:00", "suspect_from": ["17ScKNXo4cL8DyfWfcCWu1uJySQuJm7iKC"], "suspect_to": ["17ScKNXo4cL8DyfWfcCWu1uJySQuJm7iKC"]}
{"type": "btc", "txhash": "d44c6e997a39fe11672b0e09c5d541f0a4787ee522e603cb9eb4efd3aba7b680", "time": "2018-01-13 05:15:28+08:00", "suspect_from": ["1F77itTjxueViZ1N4JhsnVd6JoSCLEduiC"], "suspect_to": []}
{"type": "btc", "txhash": "106713eb6d3336d41a9434ba3da9d963b27eb3696b428828c9bb0d8066d3e7d3", "time": "2018-01-13 05:15:28+08:00", "suspect_from": [], "suspect_to": ["14V38fi6XLQR78j9ivE561s8VkRXqczs7b"]}
{"type": "btc", "txhash": "60627d0dfda93a26c2ec5ee250d84fbc775397f7f1f984a4ba802fec12e24ca2", "time": "2018-01-13 05:15:28+08:00", "suspect_from": ["14V38fi6XLQR78j9ivE561s8VkRXqczs7b"], "suspect_to": []}
{"type": "btc", "txhash": "96d3c0b570ba94ecce5b0617369c2d7baf25f21926d8988810c840cbecde4cb7", "time": "2018-01-13 05:15:28+08:00", "suspect_from": ["16CaCyZYnAcdLiwZNkD8auc4G7g84J1jXT", "19QxpeUrQm499TMRyNyH9ynTHstzRRZmtQ", "179gvDKQ4pzZE463ce4TMRpPnEdHw2qo9B"], "suspect_to": []}
{"type": "btc", "txhash": "fe07afa74311c30faa8a4594dd5594f74642bc1fe1e122046fa93ac957734faf", "time": "2018-01-13 05:15:28+08:00", "suspect_from": [], "suspect_to": ["14V38fi6XLQR78j9ivE561s8VkRXqczs7b"]}
{"type": "btc", "txhash": "78a025b82e027f05c05b140d695eeb870f3dac33fbad7c8da135fdda3db6fba3", "time": "2018-01-13 05:15:28+08:00", "suspect_from": ["1FnYytwFd9oWFEThs8qyjUo9BFotn81WFG", "14KdzBXHZ2frHy8TDxrPaJ8hJNLLQjkoMY", "1ADeKj7pbbMrUtZ21gnLU3qENNvwahaGow"], "suspect_to": []}
{"type": "btc", "txhash": "fc9cf8e329dc1736d578a2d4df33d806f7d1957e1b621282a8603f5af7fcaa13", "time": "2018-01-13 05:15:28+08:00", "suspect_from": ["14V38fi6XLQR78j9ivE561s8VkRXqczs7b"], "suspect_to": []}
{"type": "btc", "txhash": "e480a96745224983d4f6250490d36d8951ee8c1a405ce5d9010213f59a6c436a", "time": "2018-01-13 05:15:28+08:00", "suspect_from": ["1H1q8NoB61AzTk5xEV1EBqywaMSjr3pDbK", "1Fi6ayvNZ9tzfE4NMg9ijXdH5NH5twBd9y", "1JFcSQaq9Qzh5W6TFqy6iuw3Q4XzVa8g9M"], "suspect_to": []}
{"type": "btc", "txhash": "37976941a820a3a11862795abf660197f1fd917dd4c5ead14c7fad56b2257577", "time": "2018-01-13 05:15:28+08:00", "suspect_from": ["1F3dDoufX5Vfqtv7td7GVU9ohvQspg5YQv"], "suspect_to": []}
{"type": "btc", "txhash": "83c17c77cac9637859c9650d78f99962b0169b3acc4939f71e1e0cb4bb90464b", "time": "2018-01-13 05:15:28+08:00", "suspect_from": ["14xoVHeVP9mfrNicRpTo7vbju5ZyCNW1nu"], "suspect_to": []}
{"type": "btc", "txhash": "158f005160fcfa3b1c790190e69a97196f07cfaa82eb0f7e0af72a9b322e657d", "time": "2018-01-13 05:15:28+08:00", "suspect_from": [], "suspect_to": ["1Kc8wRR63pSVFuDydEdXoaTjNDLHrGyXYJ"]}
{"type": "btc", "txhash": "360a8f498d200c6b09b4bbda3874919a72e49259d0e106afc4ab399e057f5731", "time": "2018-01-13 05:15:28+08:00", "suspect_from": [], "suspect_to": ["1E88y9qtGpCH9tnUsX74ouMBncM7zq3kA4"]}
{"type": "btc", "txhash": "2275db8ac4c89a3388f6b2c0a3d3ec039e85c6f94610ac47fa7b35a3baa9133b", "time": "2018-01-13 05:15:28+08:00", "suspect_from": ["1CY3CCRVL9nskBbKbnkg8QoiUmhgMJKF3i"], "suspect_to": []}
{"type": "btc", "txhash": "89bd841c2f1e96532f5c33709c8dc603044c7856981fb0fa9d8891dc4ecf9947", "time": "2018-01-13 05:15:28+08:00", "suspect_from": [], "suspect_to": ["1LEDRao6gANsq6VksMvic4TtiHvvLjZs1u"]}
{"type": "btc", "txhash": "851b624c7f4514fd7c65c599c3a6e0ad3860974b5af1ea514f7fd048fbd2bb81", "time": "2018-01-13 05:15:28+08:00", "suspect_from": [], "suspect_to": ["1e8cJqekaLUaG7eF64CUEChEDjANrd27H"]}
{"type": "btc", "txhash": "9a37df2172b6aad1aa19c3b2f0965415a73c8a1ae2be265917b41f3d8355e624", "time": "2018-01-13 05:15:28+08:00", "suspect_from": ["1HUwPcSBWgf4nTRc3njPNMTpVw95kGaJjZ"], "suspect_to": []}
{"type": "btc", "txhash": "dfa600586f6ab1c42ecf3adea348c79bbbb90917985ae9a9437b7deb43f3d255", "time": "2018-01-13 05:15:28+08:00", "suspect_from": ["17pWS42weP2csAj3rvDjnzURQB2Zh82ikp"], "suspect_to": []}
{"type": "btc", "txhash": "d117385b113e42cd4105bef839d6e07f60ff9c1ba3aa128cccb73d23f8a0f782", "time": "2018-01-13 05:15:28+08:00", "suspect_from": [], "suspect_to": ["1Jo7Db96wRiDG2eZBGHPeffhTLZXch5QLX"]}
{"type": "btc", "txhash": "c002b3ab62cb723a005d96de55b5466ca89447346ec4b4d9f223bc4089c49eb2", "time": "2018-01-13 05:15:28+08:00", "suspect_from": ["1nsrmBmgkq38ErkWAoX5UAD4mig5QUK53"], "suspect_to": []}
{"type": "btc", "txhash": "37e4aee54fb48cafea522f6ced1a365c6da5eab72b05046fa2796ed8753dc30f", "time": "2018-01-13 05:15:28+08:00", "suspect_from": ["1NcpHTkUd714iSPR5hqsVUyuKn5Vk2iiLB"], "suspect_to": []}
{"type": "btc", "txhash": "e5c1ba1c07b58eec427c02552eaa2ea6cbd754a1c81287b192b8ca1ef72e0529", "time": "2018-01-13 05:15:28+08:00", "suspect_from": ["1Hp6MrY3Lz2WUBvPKpVgzM2HEywCGdHEgA"], "suspect_to": []}
{"type": "btc", "txhash": "b20a795310951df3265074f4ce6b2fa745dcbfb85c20d875e4806787d76b2074", "time": "2018-01-13 05:15:28+08:00", "suspect_from": [], "suspect_to": ["1C598kxNyvmUJDJmwPwA3kpZUsRRHewwvu"]}
{"type": "btc", "txhash": "26cde12e186158a18afbf7667408cb013b5fdc72c23f7d75051b46ec75913388", "time": "2018-01-13 05:15:28+08:00", "suspect_from": ["1HAj5NumGBUR7fgVAYdTFJG8NGEK8Wi9rw"], "suspect_to": []}
{"type": "btc", "txhash": "991062300ecb9f92db2e70d65f4d4965b12cdd744f9ea38660316714fd734ba8", "time": "2018-01-13 05:15:28+08:00", "suspect_from": ["1A2uZmtd1DZwu3Ji2oXBg4K4BojbjaFcJR"], "suspect_to": []}
{"type": "btc", "txhash": "78e3aacfc852d88f66f8a7e15f2a517b579b5c2672c5735dab6180078b21387a", "time": "2018-01-13 05:15:28+08:00", "suspect_from": [], "suspect_to": ["14YSHYhWc5E4gP5nhjU1pbftRY889s2rQU"]}
{"type": "btc", "txhash": "474fbab4fbb692d93c7950748a12a608cc8933caf07de0f489b88466be780444", "time": "2018-01-13 05:15:28+08:00", "suspect_from": ["1KBwhhacfiTWDcqxJcfvX6rD44TWZzGeTF"], "suspect_to": []}
{"type": "btc", "txhash": "b945fd5672fd4df433b80cab36ab47548c43195e7286ae13a71d8e9bb46554c4", "time": "2018-01-13 05:25:04+08:00", "suspect_from": ["1FoesHs5Z7snHy3WYuk4Euh7NxxKWNtgyx"], "suspect_to": []}
{"type": "btc", "txhash": "ab78b46767780c96cce8cde549bd0414d86bcfa5855de32335d3afcd04937ea3", "time": "2018-01-13 05:25:04+08:00", "suspect_from": [], "suspect_to": ["19LBtLfDSXAC1aTHEt5azBKqsj3NpUi9Yw", "1NNXnAYNfqaKAc6P6v1twntXWRx1J1bEx5"]}
{"type": "btc", "txhash": "a8e136e4158e30228ee9bf7583ead73c92ae456d2dd120eb9769bd1746e08392", "time": "2018-01-13 05:25:04+08:00", "suspect_from": [], "suspect_to": ["1JpVj1gqoohK5UqK7SoKs9mQsoeLhkEWkZ"]}
{"type": "btc", "txhash": "597cccf7cf2aff41233312c0511c186f8417a99412f00d9bca86a9ddd5c5e58a", "time": "2018-01-13 05:25:04+08:00", "suspect_from": [], "suspect_to": ["33RTsGikMQMG9v2V4Hhg9FmotKYW1FSAuH"]}
{"type": "btc", "txhash": "ee003364675da63eef939500c26c42b94b234022d6332a1104ef920340fc9be0", "time": "2018-01-13 05:25:04+08:00", "suspect_from": ["1Jy9ed19erdV9dgBsH2EJtGKE2RL8WGpDW"], "suspect_to": []}
{"type": "btc", "txhash": "07328e5de862d5257575860873d519cbfe873911da1986433d2fb0e4a13e64d9", "time": "2018-01-13 05:25:04+08:00", "suspect_from": ["1EPfwP1vTQ2yrRiCbFcA4TyjjWdAuR9zmq"], "suspect_to": []}
{"type": "btc", "txhash": "82e7e4806456b90b3b0d405870bc2dfcd3b968ac704a84efd28d2eb0e1928f73", "time": "2018-01-13 05:25:04+08:00", "suspect_from": [], "suspect_to": ["18SG6BPdYzcrjz4rP8KydmFDFjMvKyPxg2"]}
{"type": "btc", "txhash": "9af18b9ea8dd701ac7f0d347d9cf465481f0380236b18d40e1be7432d6fbef2a", "time": "2018-01-13 05:25:04+08:00", "suspect_from": ["1FkM67FpRUDSTQE8NLHL2euSonLdMWCNtK"], "suspect_to": []}
{"type": "btc", "txhash": "045661f0f05079f9d884c59c70c14ed70061dc9d3547631ed2b67bad359a0e5f", "time": "2018-01-13 05:25:04+08:00", "suspect_from": [], "suspect_to": ["3DFtoEb8VaePJgQHAUcZGBZPexq5jcLRwo"]}
{"type": "btc", "txhash": "5f25536d11f938f2e4358a79b01c2794be0e3b1e06b8641fe022c3d3489edfe0", "time": "2018-01-13 05:25:04+08:00", "suspect_from": ["18zTb6PM3DR86LfcSZWpYU6EC2ZV8vpsoS"], "suspect_to": []}
{"type": "btc", "txhash": "dacbcb91d329e0e815c67c78ca17076f5aa615ae265089b476d04b11b176ced4", "time": "2018-01-13 05:25:04+08:00", "suspect_from": [], "suspect_to": ["12ApdxgsWYghfu1NVjuyFEEGe3KjTpcXEy"]}
{"type": "btc", "txhash": "4a614adc5f403a4e5308f4b0187745b077456e06a515757633bd7a6294fdf930", "time": "2018-01-13 05:25:04+08:00", "suspect_from": [], "suspect_to": ["34djZgTjSshF4gqBhNzCJk5tsWsXSVGV7T"]}
{"type": "btc", "txhash": "badab3bc20c24807da088eb7ee0e8499f4f2f40ffbf679362ca409c74ef73b14", "time": "2018-01-13 05:26:11+08:00", "suspect_from": ["1e8cJqekaLUaG7eF64CUEChEDjANrd27H"], "suspect_to": []}
{"type": "btc", "txhash": "a29d147e85eeea7b6e6c894a02ebcba4ded1396fc4a9f97d95f9a47c65720130", "time": "2018-01-13 05:26:11+08:00", "suspect_from": [], "suspect_to": ["13XhmStJVgDXE2TrgqnjpU1dtLJPvS4UwQ"]}
{"type": "btc", "txhash": "84653af428d5a1e31a01b113bf0debb2d4d6ca6303e5c9f84e0bac1be16f0b99", "time": "2018-01-13 05:26:11+08:00", "suspect_from": [], "suspect_to": ["1KhTqsShuAGgn1orjVPDFyzhmC9x2ZA5BQ"]}
{"type": "btc", "txhash": "4d964233b4765ea9be0ba4095f265ee6ea2e9dfe91688092912400cf3d3602a6", "time": "2018-01-13 05:26:11+08:00", "suspect_from": [], "suspect_to": ["136rAFhRw4Vw6UX2AEyNCqn4mUusUbGVjG"]}
{"type": "btc", "txhash": "07b1c2945bd2f49a8b00823c7f483b94a00e30b62f4ecd59578d8d0933d146fb", "time": "2018-01-13 05:26:11+08:00", "suspect_from": ["1E88y9qtGpCH9tnUsX74ouMBncM7zq3kA4"], "suspect_to": []}
{"type": "btc", "txhash": "1ad52a3ed8368522edc0f409c7c5c1e23795d0fbc091895d5e7db19480c75f1c", "time": "2018-01-13 05:26:11+08:00", "suspect_from": ["1LEDRao6gANsq6VksMvic4TtiHvvLjZs1u"], "suspect_to": []}
{"type": "btc", "txhash": "7c2587066dfd7cd5eaadac719512aee43c8d84a5aeab91e1791db228b7b59e81", "time": "2018-01-13 05:26:11+08:00", "suspect_from": ["1C598kxNyvmUJDJmwPwA3kpZUsRRHewwvu"], "suspect_to": []}
{"type": "btc", "txhash": "358c3b2f103743b3329bad2681c8fd465206d09c043b3f00e4619c7b7378bd47", "time": "2018-01-13 05:26:11+08:00", "suspect_from": [], "suspect_to": ["1HSVeDh6t9JCsi9fLFg1sRgpCVDyRgmd6C"]}
{"type": "btc", "txhash": "ac5029eaf6c107fa89b2e33e75da8c7ebe2a4a72584e7dc1db84cd2f12647cea", "time": "2018-01-13 05:26:11+08:00", "suspect_from": [], "suspect_to": ["15s7xqh2niS6HnBR1tSSBxmaK631wYc7fQ"]}
{"type": "btc", "txhash": "d40d799e10c5fad2b86569dd085c4e0cba9f68a62336508cc4ee326904770572", "time": "2018-01-13 05:26:11+08:00", "suspect_from": [], "suspect_to": ["16TBuou2a1ErMCrDwRc18SJGvnpSUL7usQ"]}
{"type": "btc", "txhash": "c602ddbf8e7a4ad1eea78e4c5553cfc073104b4759ed64acca6613d70c3572cb", "time": "2018-01-13 05:26:11+08:00", "suspect_from": ["1KXJD4cFKM9GfE3qaKo9wZWi62dWy3QfDL"], "suspect_to": []}
{"type": "btc", "txhash": "ad8a40bea0a70c2c190674487f36297e1534a336343ed6a97ae80d3c9ed2c1b0", "time": "2018-01-13 05:26:11+08:00", "suspect_from": ["3JgHpL5s5AL3r7KsefKUbQeKN35r6AYZYy"], "suspect_to": []}
{"type": "btc", "txhash": "a1391a093f8f52de11b0a58bc6eeb99ee915907d62f6bc0a857accc0ac9bb4f2", "time": "2018-01-13 05:26:11+08:00", "suspect_from": [], "suspect_to": ["16R6BMaTiLkLyZmjN8QQTXkr9EH94HpNuZ"]}
{"type": "btc", "txhash": "6c9f9e0cd81dae529c684155ab89cd304513ca01197ea02c0025660b03ecfd93", "time": "2018-01-13 05:26:11+08:00", "suspect_from": [], "suspect_to": ["19xQnyLdaDMAHhyYQifm5hkcbj945Ftd4Q"]}
{"type": "btc", "txhash": "6c9901d6d58f455cbaf7ca57ff920d59953d1c7209b7dc560f94c8319d0365b0", "time": "2018-01-13 05:26:11+08:00", "suspect_from": [], "suspect_to": ["1E7Sdfw1Ncj8wBtKHuh9hG7E4aUDMpemga"]}
{"type": "btc", "txhash": "e0c42cfe1227a4b8607b091eeaee0c96e0b34a4b6defecdea3e352b1eeaf3df6", "time": "2018-01-13 05:26:11+08:00", "suspect_from": ["1E7Sdfw1Ncj8wBtKHuh9hG7E4aUDMpemga"], "suspect_to": ["1Gq8UkCbURd75ryUZcN2YbhBfNmt3ghAtB"]}
{"type": "btc", "txhash": "12470805c190989f66c2b2c82c6b70a362bbb798be05499d604ba5adee2a96b1", "time": "2018-01-13 05:36:53+08:00", "suspect_from": [], "suspect_to": ["1GfmY6ipfYhEyjZprz2i3BcGkq3G6AMMyE"]}
{"type": "btc", "txhash": "ca1245d86d1f0d7af16163bba957a7f7b111cc2c1fecb352a3d8b237a20e3c33", "time": "2018-01-13 05:36:53+08:00", "suspect_from": ["136rAFhRw4Vw6UX2AEyNCqn4mUusUbGVjG"], "suspect_to": []}
{"type": "btc", "txhash": "4dfc365e8324a2d4c865405255fd292f9b7789975338fe2f90af2d1d36e5f4ea", "time": "2018-01-13 05:36:53+08:00", "suspect_from": [], "suspect_to": ["39r5YEHV92HVz8JagGbCzqWxAUJQ4RnkQT"]}
{"type": "btc", "txhash": "3cf539dac8996b5cb1abbc0aa961b1725e1b2dff30841ccfd0015264c83e22ab", "time": "2018-01-13 05:36:53+08:00", "suspect_from": [], "suspect_to": ["3LPty5YhZv9zbJ73uQQi3cwo4XKsYE3NJV"]}
{"type": "btc", "txhash": "3a7dd291e9d6a2829c2153e7cce6f02c5f40ccb132104e67a0f7b5260af4467d", "time": "2018-01-13 05:36:53+08:00", "suspect_from": [], "suspect_to": ["1Ft9FCByPg98NVGMVnGEcwRbZMVRq6NnR7"]}
{"type": "btc", "txhash": "b72c89746d91fa08cf04a28415189522fb9f0c8757d4b56266c20dff73aa1e02", "time": "2018-01-13 05:36:53+08:00", "suspect_from": ["1BPNvML1Mgr3mgfynJdyLpp51FyiuEHa1b"], "suspect_to": []}
{"type": "btc", "txhash": "4128cddac92d4e924809f0877fe486d9f279a73d1523b248ae73d55c2e61bad7", "time": "2018-01-13 05:36:53+08:00", "suspect_from": ["12ApdxgsWYghfu1NVjuyFEEGe3KjTpcXEy", "19T2LCq3SXci68MKAMjQ6emujjGZ7yA86F", "1GPCWSEZq9zhZ7D7TLi1oXvfTuTbViBWXd"], "suspect_to": []}
{"type": "btc", "txhash": "db3887cd3180581bdc1c6535a872bcfe09ba419f48886f6549e7686002113ceb", "time": "2018-01-13 05:36:53+08:00", "suspect_from": ["1JGt6C9CXyCDmjyf5acfDFNQPstFsLUNKU"], "suspect_to": []}
{"type": "btc", "txhash": "79cfafcc58dbe212c13e2e948aea712a6e120cfb1cc61bdcd12b36c6b515825d", "time": "2018-01-13 05:36:53+08:00", "suspect_from": ["3JPGfF1Xmawu4zTz1V4j5DUMoteEZK3VfL"], "suspect_to": []}
{"type": "btc", "txhash": "275fe3e0a28bf7bb8c4b6404acdc9e2fd56628ab27a1323cac1c61376fa052c3", "time": "2018-01-13 05:36:53+08:00", "suspect_from": ["19LBtLfDSXAC1aTHEt5azBKqsj3NpUi9Yw", "18SG6BPdYzcrjz4rP8KydmFDFjMvKyPxg2"], "suspect_to": []}
{"type": "btc", "txhash": "a8a9a7e2f5c2e473c98f6f22f2ddba26c2ec8d4b483dd39f0ab1e11b423ff130", "time": "2018-01-13 05:36:53+08:00", "suspect_from": ["1NNXnAYNfqaKAc6P6v1twntXWRx1J1bEx5"], "suspect_to": []}
{"type": "btc", "txhash": "19bc3d0733e8889cf8631f1675309e3814bad0413392b69031c1eaa04c3308cc", "time": "2018-01-13 05:36:53+08:00", "suspect_from": ["13XhmStJVgDXE2TrgqnjpU1dtLJPvS4UwQ"], "suspect_to": []}
{"type": "btc", "txhash": "19fae0366fbe0cc95b92b4e7da1a0cb0f0b68ecfd520c4d8ec09522bc0d52dcc", "time": "2018-01-13 05:36:53+08:00", "suspect_from": ["19xQnyLdaDMAHhyYQifm5hkcbj945Ftd4Q"], "suspect_to": []}
{"type": "btc", "txhash": "f89913e38f7a688cecbb697b03efb257341d07a46764b44ef77bef71b9e42101", "time": "2018-01-13 05:36:53+08:00", "suspect_from": ["1Gq8UkCbURd75ryUZcN2YbhBfNmt3ghAtB"], "suspect_to": []}
{"type": "btc", "txhash": "030d21b64c6bb10b33bc4990140060c93388bec02ea163e53469ba463ba1b21f", "time": "2018-01-13 05:36:53+08:00", "suspect_from": [], "suspect_to": ["1HNZrv3iog3evqUJqtEuPS6vMu7f31gsjH"]}
{"type": "btc", "txhash": "4e46d2320595fe681b42158f632de5a28999d24d34035e5173eb040179317b2d", "time": "2018-01-13 05:36:53+08:00", "suspect_from": [], "suspect_to": ["15H8zJHh35eVHA36CnoVMFjNd2tBE5N6E4"]}
{"type": "btc", "txhash": "cec2824728beb2770fe5d10c39edb00bb102759b2ee8e4006c1aa219e3a9d633", "time": "2018-01-13 05:36:53+08:00", "suspect_from": ["1JpVj1gqoohK5UqK7SoKs9mQsoeLhkEWkZ"], "suspect_to": []}
{"type": "btc", "txhash": "9e990ba2bcad4b247f512be4f1181ed72a2b0d0a9da968f6619cdb429ceb3736", "time": "2018-01-13 05:36:53+08:00", "suspect_from": ["1KhTqsShuAGgn1orjVPDFyzhmC9x2ZA5BQ"], "suspect_to": []}
{"type": "btc", "txhash": "a2fab5c8eea9e2dcbc3fffea55faadaab6f126430eea37b8f622c098f19f489c", "time": "2018-01-13 05:36:53+08:00", "suspect_from": [], "suspect_to": ["1PRjoz8A5BTkjGo3MGsbg5hquWtDAEHYjJ"]}
{"type": "btc", "txhash": "64561aee6aec6c0cf0322712adda55c110a85d78542feac1b74880e0bcdbac41", "time": "2018-01-13 05:36:53+08:00", "suspect_from": ["1PACQXiwKkP5DfzAipGAG1c8mimvhZ3uFr"], "suspect_to": []}
{"type": "btc", "txhash": "4b1afa5bcc41481a9182d56359bb6bcbbe7ce23df4da31a7ea624f6b4583b31e", "time": "2018-01-13 05:36:53+08:00", "suspect_from": [], "suspect_to": ["165V3yK1QSgTvzYXRqhawuuKB8huCJccKz"]}
{"type": "btc", "txhash": "25aaabc22df1047deb295822fac5bd482f12549dd5ac59ecbc03a64a16af274b", "time": "2018-01-13 05:36:53+08:00", "suspect_from": ["13rJE3LkcAp4ArsU8FpZfHTsAvrJmpw3t9"], "suspect_to": []}
{"type": "btc", "txhash": "7ca187a2d7aa92be7ab1780817b57d3c50571f7259f0d6e751ff9f4bd7d19131", "time": "2018-01-13 05:36:53+08:00", "suspect_from": [], "suspect_to": ["3QH3pBzxRxvnP1cmhw1pgaFGCARqqC96rC"]}
{"type": "btc", "txhash": "862bed8d85e9bca485d385c060774c01a5c9011ea3674ad04f06355ff867de75", "time": "2018-01-13 05:36:53+08:00", "suspect_from": [], "suspect_to": ["3J38R6jhDeTYtDrSREuGPiB1jMJeGb2KP2"]}
{"type": "btc", "txhash": "dbfd7e7a3e6aab52746be59958b627a5c59b8e770b90bb7807495a54010d88d9", "time": "2018-01-13 05:36:53+08:00", "suspect_from": [], "suspect_to": ["3NxEyLj3iWwRc4c59F27SSj1A9FzQa4VJS"]}
{"type": "btc", "txhash": "16f9b4e364f5c7c566c2c022a37dd7d5df32f6c9536ff795d87e29a04c1805d3", "time": "2018-01-13 05:36:53+08:00", "suspect_from": [], "suspect_to": ["3EG4D3djnew1WtcpS7ikFAWtthGoj4Sr6F"]}
{"type": "btc", "txhash": "a200bb4eefc5e756b80fa9f9648776db4c18db740e30381821b09aa62fea2911", "time": "2018-01-13 05:36:53+08:00", "suspect_from": [], "suspect_to": ["3Mom75z6msp8ekiawbwV64VL2ovuUUcsFS"]}
{"type": "btc", "txhash": "05192463bfe13b86db1e772af96768a5f40815c107683a361aea3306b28d1c65", "time": "2018-01-13 05:36:53+08:00", "suspect_from": [], "suspect_to": ["37coWq7eCwjoabX4MHodaSHE8uBgkxgmPW"]}
{"type": "btc", "txhash": "bbd323144453d1382c7839a00267347fc63599d7078de2df11a20ebd59755945", "time": "2018-01-13 05:36:53+08:00", "suspect_from": [], "suspect_to": ["32rgPKLLubMHAmXPJbZJvraX96CyMMPunG"]}
{"type": "btc", "txhash": "9e2376867fac8d07f6d1d0a94135aac7f1df031e6b543dfba57e8f2c5d08b29f", "time": "2018-01-13 05:36:53+08:00", "suspect_from": [], "suspect_to": ["1BhxxoFeHsn2h4oR2BnXy92hkWxcWyua3D"]}
{"type": "btc", "txhash": "1c6498ccbce97cb68622b0f66cce8715b30f209e5491d434751765cf4e49e01d", "time": "2018-01-13 05:36:53+08:00", "suspect_from": ["12damg4NQdhCHc1hhYfwgGVSMsYL8PWxQX"], "suspect_to": []}
{"type": "btc", "txhash": "d3a3614ab4a8f9b2587803edf1636e99e0b3e3f4f005b87c4cdd5d8d9b6f3149", "time": "2018-01-13 05:36:53+08:00", "suspect_from": ["3GQFbtghB8faBrZTnmk6PmeFJzQk49vsnz"], "suspect_to": []}
{"type": "btc", "txhash": "cf71eefe579bb9e8f95fd23c65d8d6d748b030d3bcca2e837ca720bf67ada9b3", "time": "2018-01-13 05:36:53+08:00", "suspect_from": [], "suspect_to": ["3GjwvkPtZ4L2NPMpdxVX3TkbQ3nHBxgnBS"]}
{"type": "btc", "txhash": "84df41e00f0823f1570618dd95e65eec4863a8b61b0b1bad161288e21087aad4", "time": "2018-01-13 05:43:20+08:00", "suspect_from": [], "suspect_to": ["14SKMqLaamzwn4zX3wW85C1BUv2jGNzk69"]}
{"type": "btc", "txhash": "cdb0fa9bfabdffa7a9c0df1b9d4c4e10fe946b1ac76376cf78abd8be8ca6cc9f", "time": "2018-01-13 05:43:20+08:00", "suspect_from": ["14SKMqLaamzwn4zX3wW85C1BUv2jGNzk69"], "suspect_to": []}
{"type": "btc", "txhash": "7f756908d7d3e9c7953635fdf53f27bd6532a6ef1e707af3ec9cb5fa11778e95", "time": "2018-01-13 05:43:20+08:00", "suspect_from": ["1LkgFkxDEfVaYj91FaT8WgmtEQrkETb3VN"], "suspect_to": []}
{"type": "btc", "txhash": "4a4d49e240091c330d9762df389999e09012489dfadc15151ae0765cb46c95ab", "time": "2018-01-13 05:43:20+08:00", "suspect_from": ["1A5pccKAjFV1ZYzzhxxR6ozEAhSGM4XnAQ"], "suspect_to": []}
{"type": "btc", "txhash": "412ccf4d040fd672dfeffe07e666ab3977d70bcaa6a6d55369db9469285abeb3", "time": "2018-01-13 05:43:20+08:00", "suspect_from": ["19FdAfJcgrU1EcTXv3HRusXb3Tgni4MYtX"], "suspect_to": []}
{"type": "btc", "txhash": "afb14a285f0bfef45bd979a3ad8725518a42b14a2c5bf9a7b95ab37009b53daa", "time": "2018-01-13 05:43:20+08:00", "suspect_from": ["1BTHFn5XsE59U3qrXae1VkiabQKqGBChW5"], "suspect_to": []}
{"type": "btc", "txhash": "2559fbf750950c2513978140f0e2fe3539311856347ab11e577ed4c3517be90a", "time": "2018-01-13 05:43:20+08:00", "suspect_from": ["16TBuou2a1ErMCrDwRc18SJGvnpSUL7usQ"], "suspect_to": []}
{"type": "btc", "txhash": "c24c86032db11395a3b538ce3078ef4e5f78b743345dbef1ce27dd94fa36a948", "time": "2018-01-13 05:43:20+08:00", "suspect_from": [], "suspect_to": ["36vx52xtimkLiFNoLU6kzvapim8fVE6Gei"]}
{"type": "btc", "txhash": "686240cff4aebf00023cf1a8b6d194bc99822f34b223263e507aad770934ecee", "time": "2018-01-13 05:43:20+08:00", "suspect_from": ["1Q8g41vhwsBWagS7d1gvNqRTrvMsztS7LT"], "suspect_to": ["3EVX26kvn8on65DLPAYNfr7o2YxyeBHNTm"]}
{"type": "btc", "txhash": "45b3154058edd22f3fadbdaf36cbedba570d98c1df37208c3b1581157aec1321", "time": "2018-01-13 05:43:20+08:00", "suspect_from": [], "suspect_to": ["1P9RQEr2XeE3PEb44ZE35sfZRRW1JHU8qx"]}
{"type": "btc", "txhash": "f6bb49c74a6afb3fbef9d9de7df57925ba44021e66b9650503e886b83df03b5e", "time": "2018-01-13 05:43:20+08:00", "suspect_from": ["12JC4X4aAoGYFLbWg5dkyVYxVdp8Ume1TB"], "suspect_to": []}
{"type": "btc", "txhash": "921784d378622307f66822023a917dfd6d08b7b295f8e4e3e179478894f8d421", "time": "2018-01-13 05:43:20+08:00", "suspect_from": [], "suspect_to": ["1KfQy2LZQSQisf2iu1X2Nuo4nHQ5bvzwbK"]}
{"type": "btc", "txhash": "34efc07a6ca2e9da73a614642e06d83ae172d2e7ebe479393ac8d2fd8338ab99", "time": "2018-01-13 05:49:55+08:00", "suspect_from": ["1HNZrv3iog3evqUJqtEuPS6vMu7f31gsjH"], "suspect_to": []}
{"type": "btc", "txhash": "b62631cc1fc43039dfc71c9facbe7d5a9475b9939f899f133d81763c0d57a487", "time": "2018-01-13 05:49:55+08:00", "suspect_from": ["1Ft9FCByPg98NVGMVnGEcwRbZMVRq6NnR7"], "suspect_to": []}
{"type": "btc", "txhash": "61b6b7df7ab1ba285489ecc004efdcad6c60fc606b54e9c56c8da7e5c84927b5", "time": "2018-01-13 05:49:55+08:00", "suspect_from": [], "suspect_to": ["15pAHJugqLd5pWbwzb2QwbwSwL3pan6Hzj"]}
{"type": "btc", "txhash": "404e7fb8295aa9449ed6a94e96eadd0dd82b94b5e9f4df2eef9e8319c2404cda", "time": "2018-01-13 05:49:55+08:00", "suspect_from": ["1GfmY6ipfYhEyjZprz2i3BcGkq3G6AMMyE"], "suspect_to": []}
{"type": "btc", "txhash": "e1f0b2e28165e1443bf1e8ca6cbd66b7013fc48124175d78ca580cb5edede7f5", "time": "2018-01-13 05:49:55+08:00", "suspect_from": ["1PRjoz8A5BTkjGo3MGsbg5hquWtDAEHYjJ"], "suspect_to": []}
{"type": "btc", "txhash": "2122fbb75794c1ed066a35566a55e260251642ee3cb0ef6e0ba0ede2db073098", "time": "2018-01-13 05:49:55+08:00", "suspect_from": ["15H8zJHh35eVHA36CnoVMFjNd2tBE5N6E4"], "suspect_to": []}
{"type": "btc", "txhash": "26f1b96ea7a0cbb3669dcf4dfb830ea1919c94a372bc499a81cb93dec0b50e0f", "time": "2018-01-13 05:49:55+08:00", "suspect_from": ["17ScKNXo4cL8DyfWfcCWu1uJySQuJm7iKC"], "suspect_to": ["17ScKNXo4cL8DyfWfcCWu1uJySQuJm7iKC"]}
{"type": "btc", "txhash": "3220de62288c202707f76813b52768378f6ac8da705cc26bb149a12534de3b9a", "time": "2018-01-13 05:49:55+08:00", "suspect_from": ["17ScKNXo4cL8DyfWfcCWu1uJySQuJm7iKC"], "suspect_to": []}
{"type": "btc", "txhash": "35bffa56892979d9d3988f93f4e5b157be551e26fa48738591bc6ec2d853da5d", "time": "2018-01-13 05:49:55+08:00", "suspect_from": ["1DrQS4Vtzrt5z5VoP5gnVHg5rUzo9fqxBa"], "suspect_to": ["1LAAqQt55exhRMrsrf8DYLgZ13FFqbVZNp"]}
{"type": "btc", "txhash": "e14246e971194cf98751272e3b93a608543cacf201b0aea10fcea8ca11a86c79", "time": "2018-01-13 05:49:55+08:00", "suspect_from": ["1P9RQEr2XeE3PEb44ZE35sfZRRW1JHU8qx"], "suspect_to": []}
{"type": "btc", "txhash": "061af033ba591c4c7a2f17074af63b37c3a8901c056624eb31cf93f572577be3", "time": "2018-01-13 05:49:55+08:00", "suspect_from": ["16R6BMaTiLkLyZmjN8QQTXkr9EH94HpNuZ"], "suspect_to": ["1GPfKjSBNDqcykx4e8PFSy6qdJgygCK66R"]}
{"type": "btc", "txhash": "f928355059d797edb364012fd91f0d052102d3f08948ec3bad5b02d28895c2c3", "time": "2018-01-13 05:49:55+08:00", "suspect_from": [], "suspect_to": ["1GW3jC5WjQmU5BmYAicxJD11wvXcuzGWYm"]}
{"type": "btc", "txhash": "073214bd3a557ae79a14e59f1e30ffe8526682a8e2ca7afe77749a1a528a6e4a", "time": "2018-01-13 05:52:30+08:00", "suspect_from": [], "suspect_to": ["1KheF1Car9BxqNisnYyHxqp8hR6diFHaK3"]}
{"type": "btc", "txhash": "452e43fa7d473013b6f7326ad881feac02e8cde45aefc533155c23c7c5aa1c88", "time": "2018-01-13 05:52:30+08:00", "suspect_from": ["165V3yK1QSgTvzYXRqhawuuKB8huCJccKz"], "suspect_to": []}
{"type": "btc", "txhash": "51b8f9302a7b8f873871d8a99ec235a655fb0ab262952029b604f12a5e2a8090", "time": "2018-01-13 05:52:30+08:00", "suspect_from": [], "suspect_to": ["1FmMy61W8YTnv4sUiowhFr2k9GLqYpXqTm"]}
{"type": "btc", "txhash": "ca5ab0976b1ad9d83e016896698712c3cb87f0a771c40b79f5953ad477676db0", "time": "2018-01-13 05:52:30+08:00", "suspect_from": ["12bztiMUn8odUwgKbGXQcUk5HEZ2Chqpg4"], "suspect_to": []}
{"type": "btc", "txhash": "a6ce83af95d5d81c3d18e110442aeb7409899324ddef20c676289d1cecc1657b", "time": "2018-01-13 05:52:30+08:00", "suspect_from": [], "suspect_to": ["19YvBP8r9WEBf5GksY4Bd2Ti1VEdSEFpRm"]}
{"type": "btc", "txhash": "f1bd415f02248d581709136653838923b5fe7eb1df1c4abbe9c3f81f13926993", "time": "2018-01-13 05:52:30+08:00", "suspect_from": ["1LMQntdJ2jGNpvVWYcyDSNPyicDodNHJ9S"], "suspect_to": []}
{"type": "btc", "txhash": "66864b5a274cf520420e7d0a6757536fa9e4836f64a52c3b10cc41fb83b23ef1", "time": "2018-01-13 05:52:30+08:00", "suspect_from": ["16zoCUjZydyxEKazsjccEtEeBzEf9TxLL6"], "suspect_to": []}
{"type": "btc", "txhash": "25e88c43e3123902303956326aeb5633d9caba13de0fdcc1ac516d450872f5a4", "time": "2018-01-13 05:52:30+08:00", "suspect_from": [], "suspect_to": ["1K1gPBeLTRdbUj9j8XBiPwe3GHyspiyEe"]}
{"type": "btc", "txhash": "014347e13fcbbb54285e41dd56573ea5b2a4f8b4694f77adc444bcb6cf30a6ba", "time": "2018-01-13 05:52:30+08:00", "suspect_from": [], "suspect_to": ["3H8bpXtZpXPgqK9KEPYouLmAmmBoMggQMy"]}
{"type": "btc", "txhash": "beb716b96927bc18a7c857444e5d21adac6807e7fa62911c3d0fde3c30cf335f", "time": "2018-01-13 06:00:30+08:00", "suspect_from": ["1BaS1u7fLakF2tCFhbB2wThPA3sHDxEVp6"], "suspect_to": []}
{"type": "btc", "txhash": "1b196f2f4fcfe52446d1e4e12691d40a1418bedfb5377ebf1270dfe68930b3ea", "time": "2018-01-13 06:00:30+08:00", "suspect_from": [], "suspect_to": ["3CSKYN5eq8z8TbqVcWQCzxGow82TzqQHa5"]}
{"type": "btc", "txhash": "1367a7b5bd181176df517651d98be60ee71d97dfb1f1cc58bb5f94c1fb962301", "time": "2018-01-13 06:00:30+08:00", "suspect_from": [], "suspect_to": ["1E5BAKj6Auc85RLCC9FhdNQ8WVteH5Jxad"]}
{"type": "btc", "txhash": "987775170b01b954cdd3392689f53058896499bf9d5b92a6fa661b2cd6ccfa62", "time": "2018-01-13 06:00:30+08:00", "suspect_from": ["15pAHJugqLd5pWbwzb2QwbwSwL3pan6Hzj"], "suspect_to": []}
{"type": "btc", "txhash": "e8aed4de32d9b7be1efbaa42c1b9cf2b2cde5deeb6a794e0c1bf3d75400812e8", "time": "2018-01-13 06:00:30+08:00", "suspect_from": [], "suspect_to": ["1FtR95wnpQy2turiqdPWQDqHggKV92D17K"]}
{"type": "btc", "txhash": "1e50c40f1aeee9771d99858603eb688401ad7e79dc9918662fa9eacf8f77d93e", "time": "2018-01-13 06:00:30+08:00", "suspect_from": [], "suspect_to": ["19cwhPwSN5r7KjZ3EY1A3XNewk7VGDzCK5"]}
{"type": "btc", "txhash": "006aa23286190ac3b728dd7e42eaaaa6a0366fd8f0f2dd1b98746d5264875673", "time": "2018-01-13 06:00:30+08:00", "suspect_from": [], "suspect_to": ["1DE1yKgfjXkmwN2VTsTAVcDGVSpsbLGCPC"]}
{"type": "btc", "txhash": "ee59c8ada20db776c03a3e2a5211d1885fb80eec840af8352186b780764070ba", "time": "2018-01-13 06:00:30+08:00", "suspect_from": ["1KheF1Car9BxqNisnYyHxqp8hR6diFHaK3"], "suspect_to": []}
{"type": "btc", "txhash": "1756de7c9a412eb9e9dfed33c65ce9e2222f88e87d3487d8b53e4166338b24bf", "time": "2018-01-13 06:00:30+08:00", "suspect_from": [], "suspect_to": ["1LwG4vfP9wTUNvo9yF86oC8xkRPPmVRsJT"]}
{"type": "btc", "txhash": "859218ab7648ba1f4d16d983b69ec1e4f0f30bde7035dc77471ddc9d4f7a49db", "time": "2018-01-13 06:00:30+08:00", "suspect_from": ["37vV2GbJwSRpSH3vb27NJV7wLB78zJv4bX"], "suspect_to": []}
{"type": "btc", "txhash": "46db7f2ba232911882e3ef42025207f1d41bc5dbf14554838d169d3a7d6ddf33", "time": "2018-01-13 06:00:30+08:00", "suspect_from": [], "suspect_to": ["1PKUUA2em14QiMRCjGEC6Ea9UujpqeW9nj"]}
{"type": "btc", "txhash": "265a3129fde797952bd4082432979fe4494c47581491643c7acc3d4d02dcc699", "time": "2018-01-13 06:00:30+08:00", "suspect_from": ["37ywAgDX9PJFoD8yY4SeF5gsbpsV6AxP1M"], "suspect_to": ["3Ps3fiyRwJ7G1mY4bd62wsie2mPHo2bmys"]}
{"type": "btc", "txhash": "66214637d7a60e342c5bc69c2008b6425cddfcf9f3b059558734a7bae289a6c0", "time": "2018-01-13 06:00:30+08:00", "suspect_from": [], "suspect_to": ["1P9RQEr2XeE3PEb44ZE35sfZRRW1JHU8qx"]}
{"type": "btc", "txhash": "b1e837dda70724a261eb01bce23dbba0c9f85921e79574697823274692b8e5b9", "time": "2018-01-13 06:00:30+08:00", "suspect_from": ["1DJNMm16CQz9sLgJeT1bjAMhQ2LqWNDsNg"], "suspect_to": []}
{"type": "btc", "txhash": "e7615160eba907f9b34a9d8af24331e630984f6b9cde067dead0c1421054d38c", "time": "2018-01-13 06:00:30+08:00", "suspect_from": [], "suspect_to": ["1Knn3ciUwrSrk17k1htYgMBMu2ZbGuf5ug"]}
{"type": "btc", "txhash": "4255f071e92a204f9dbf96e3e02ba87b21efdd25ba5aa012bca165bd0b837ecb", "time": "2018-01-13 06:00:30+08:00", "suspect_from": [], "suspect_to": ["3D5AsgPJwL1jUuRwnLMSReuaQkSqzBaqu1"]}
{"type": "btc", "txhash": "090f1a81029632d344e88666b95a2788db60f1e5e86dc5cf28456199d1ba1d0a", "time": "2018-01-13 06:00:30+08:00", "suspect_from": [], "suspect_to": ["1Jd2yubw4h2aV4kFMxAtVQyT5TnwYzJdPj"]}
{"type": "btc", "txhash": "a3b95ad25dfcaddbfb5b12d94fcf9be7bab805d772d41460a1f5757d36bb5acd", "time": "2018-01-13 06:01:05+08:00", "suspect_from": ["38Jf34dPk5gwjsvbfi8UhFgbgrAz6bHXcU", "38Jf34dPk5gwjsvbfi8UhFgbgrAz6bHXcU"], "suspect_to": []}
{"type": "btc", "txhash": "3b7ab2de2da1ec930c73961a9948b94b99105f8384fa350a377c4fc03f565a83", "time": "2018-01-13 06:01:14+08:00", "suspect_from": [], "suspect_to": ["3PYxbye7LY8b2ycE22M6ChuJ7s7eVbDA9w"]}
{"type": "btc", "txhash": "9e2eeeaed9c1368d63326a3dac043d00a0cbf88976f84f4ad875ee4c4d9f4946", "time": "2018-01-13 06:02:31+08:00", "suspect_from": [], "suspect_to": ["1K1DPs5B9oyo6tV1d5TFxjaDUKedf1GYqf"]}
{"type": "btc", "txhash": "c0324aae62796b30384d731d02e7251ac81a16e367bba102ca56c35c1c34037d", "time": "2018-01-13 06:02:31+08:00", "suspect_from": [], "suspect_to": ["1J4CyYu3Mya8LNj9So93dXkvymbbeSDood"]}
{"type": "eth", "txhash": "0x27d66be4c3bb9b97933e34366fa804759d1e7ae5d4fb9f5ebfbb8465dd910587", "time": "2018-01-13 04:09:54+08:00", "suspect_from": "0xbae2ca16efe41cf678472204719d8b920adc75cf", "suspect_to": "0x406cd30711bafecc7db6103a053fc3d9c83481e4"}
{"type": "eth", "txhash": "0xb7946c3cbc1f67a59cc6a1f42ed4a297857545c4a668832accb96a2b7b631af6", "time": "2018-01-13 04:10:29+08:00", "suspect_from": "0xde2ce46bf8e15261e8befa6937ab38ac8cd67a59", "suspect_to": "0x876eabf441b2ee5b5b0554fd502a8e0600950cfa"}
{"type": "eth", "txhash": "0xde00c0d4734781f61baadd1782dc24fae8ba960c72ff1b9b228a5641223182fb", "time": "2018-01-13 04:12:04+08:00", "suspect_from": "0xc191908a8b14af5de2e4ad694c57c91869ff7b96", "suspect_to": "0xb764fc031226e3ae5ff479df0460ab8676cb16ad"}
{"type": "eth", "txhash": "0x062a33518225d9fa19e5033005b6dd3f021d016dd396223334268c100301e2c4", "time": "2018-01-13 04:14:22+08:00", "suspect_from": "0x0681d8db095565fe8a346fa0277bffde9c0edbbf", "suspect_to": "0x6188fa0de9560e4c5660da116606271e2a7d9646"}
{"type": "eth", "txhash": "0xbfdbbb419f40fef4f1ec1e62e9360446799f85b52a46a4985c73da6331adc81c", "time": "2018-01-13 04:18:28+08:00", "suspect_from": "0x6188fa0de9560e4c5660da116606271e2a7d9646", "suspect_to": "0x8271b2e8cbe29396e9563229030c89679b9470db"}
{"type": "eth", "txhash": "0xd232fca907c05dda6eb1e7a9f5d7e9e74fc93e9b732b8a2dfec98ee2d0212143", "time": "2018-01-13 04:19:39+08:00", "suspect_from": "0x09b96f029317289fd8d4a3f1e418d33081f90197", "suspect_to": "0x0d6b5a54f940bf3d52e438cab785981aaefdf40c"}
{"type": "eth", "txhash": "0x22f4d0639adf456d7b22f3c2ea17df2caa1cfcbd7a0df88fd77510c8e8503af6", "time": "2018-01-13 04:21:10+08:00", "suspect_from": "0x518eb95f2d4f1c2955802532fbbb12e5129aae4a", "suspect_to": "0x0d740b013db5dfae878c2d8a1cef26969dc0532e"}
{"type": "eth", "txhash": "0x76ef5216fd0536cb88944578c289d8873d4b48359d616c5a402d511c607067cb", "time": "2018-01-13 04:22:03+08:00", "suspect_from": "0x034f854b44d28e26386c1bc37ff9b20c6380b00d", "suspect_to": "0x8b887694c67a59a8053c383960ceaafd3ddf89b4"}
{"type": "eth", "txhash": "0x14bd266a94476d2ec1a2ec94943d68eaee6fee3153fb923ccea6425246227385", "time": "2018-01-13 04:23:41+08:00", "suspect_from": "0x5dfadad1f2b6bb502cea3f1714d1cff6fd4fae83", "suspect_to": "0x138ba7a0db8fb5760502264459c8f1cbcfb6b342"}
{"type": "eth", "txhash": "0x071b6e83c19c19a0973ac35059919a1cc3ceb90aa6491b05f2f54da8061ad4c6", "time": "2018-01-13 04:28:59+08:00", "suspect_from": "0x034f854b44d28e26386c1bc37ff9b20c6380b00d", "suspect_to": "0x55e58b276be15ca2846c74637852b6bca0b03125"}
{"type": "eth", "txhash": "0xc7e6d5d49012d518847301201af507a1205b017b06fa4d9d22a88674f718253c", "time": "2018-01-13 04:30:36+08:00", "suspect_from": "0x83dd1d5bec40c09da0f6d1bf6bbe9c495e20fd9f", "suspect_to": "0xa6687861625788f52b8b7e59470ecfbf0ddc8e2a"}
{"type": "eth", "txhash": "0xed65566c39f213ca1dc39d178692eddb1b247422297f27d4e0f0a745644dbb5e", "time": "2018-01-13 04:33:34+08:00", "suspect_from": "0x563b377a956c80d77a7c613a9343699ad6123911", "suspect_to": "0xf884e9f89ba0eae19692a112f86522b723e5d821"}
{"type": "eth", "txhash": "0xae00123a858c8dbe3d0f0bf002d8bbc26d36c5e198eaf6fb0b1fd9aad83bb550", "time": "2018-01-13 04:34:40+08:00", "suspect_from": "0x9d91f397512ceb099ede1ccd52ebfdee581ff96e", "suspect_to": "0x876eabf441b2ee5b5b0554fd502a8e0600950cfa"}
{"type": "eth", "txhash": "0xe4a67e30283ed6a06ec14efa52a24a573e7260e644090ba1233fefeb40e22d10", "time": "2018-01-13 04:34:40+08:00", "suspect_from": "0x02042f0f4ca26eb234347e13bf31da1ec9029890", "suspect_to": "0xc7c7f6660102e9a1fee1390df5c76ea5a5572ed3"}
{"type": "eth", "txhash": "0x1acf1adae5fc6d7421b12411f15375ce138834f984fa1aee4ad7e0149934bbde", "time": "2018-01-13 04:35:28+08:00", "suspect_from": "0xeed16856d551569d134530ee3967ec79995e2051", "suspect_to": "0x341b29680f16a50a7bfa7e8f824fe1dce5f245eb"}
{"type": "eth", "txhash": "0xd30f4a38a082efdf6616b1b468f48ba08d79326a4949f604119965249e6fb5a2", "time": "2018-01-13 04:35:28+08:00", "suspect_from": "0xeed16856d551569d134530ee3967ec79995e2051", "suspect_to": "0xa130b3fa2b257caaaad894ec3945552d64294b21"}
{"type": "eth", "txhash": "0x295867b9a06e1d7408c105543109662fa553224ad654e28637fadcff3bc950bf", "time": "2018-01-13 04:36:05+08:00", "suspect_from": "0x56a8280309559af5f53ac85920685c2fb20bba0f", "suspect_to": "0xd9f960fc6c325f97a83a162e59eb504e3f80869c"}
{"type": "eth", "txhash": "0xdb405d716cc64f685282c327fdceb8d45af6fd2975d5c40715d001e5a8af21d8", "time": "2018-01-13 04:36:30+08:00", "suspect_from": "0x0681d8db095565fe8a346fa0277bffde9c0edbbf", "suspect_to": "0x6188fa0de9560e4c5660da116606271e2a7d9646"}
{"type": "eth", "txhash": "0x83167eeec3c6888a29c5b4c8c3f6a509c2c1eab2bd79f98c93422899a69ace9b", "time": "2018-01-13 04:37:15+08:00", "suspect_from": "0x34e690331dbea8431727ce2d56af3b7e1869b6b0", "suspect_to": "0x3f5ce5fbfe3e9af3971dd833d26ba9b5c936f0be"}
{"type": "eth", "txhash": "0x76bbb46708ad809d43a5d839877df71c6d78ddf4d0648a3975717e189f188fa9", "time": "2018-01-13 04:39:57+08:00", "suspect_from": "0x563b377a956c80d77a7c613a9343699ad6123911", "suspect_to": "0x75bd7a1b775211173ed18abff02a8a81aaca7dbd"}
{"type": "eth", "txhash": "0x426ec3471874c699a2c466702ed7174d4ee6bad012a16daee4dddfd2803640e1", "time": "2018-01-13 04:41:32+08:00", "suspect_from": "0xdcc83dfa04eac7d29b8ed7ddbe429094e0ad3a7e", "suspect_to": "0xd7784f04982836691a3f81d920148fcc4d85bc75"}
{"type": "eth", "txhash": "0x2a1bf2b8dccac7c053e2197fdeafc5c5a495da56489d3bb94fee719ac3a795ea", "time": "2018-01-13 04:41:32+08:00", "suspect_from": "0xfa8a52643eb73ab0358fbb8c5d9abe400fff615b", "suspect_to": "0x6d12f5d7d1533e4b58d5b2ef6bb15d6ef2ab25a2"}
{"type": "eth", "txhash": "0xf9d6aae870a9301a19d2c2b7f945aae1a8b7222e76a07ed14fcfdd097c589b22", "time": "2018-01-13 04:42:02+08:00", "suspect_from": "0x3b0bc51ab9de1e5b7b6e34e5b960285805c41736", "suspect_to": "0x28e32ab00e4f251cd3a6d4ec4359d7f55e9d6bc5"}
{"type": "eth", "txhash": "0x55ff26d10c9de40a1dad47198e076304e786a48dab48f594f5775ef5920dc6af", "time": "2018-01-13 04:42:02+08:00", "suspect_from": "0xb789891211d57b463159cdee09682156e60c95a9", "suspect_to": "0x4f069cfc720f26e23dc620dc209874f74ac0f326"}
{"type": "eth", "txhash": "0x3754e1467aef863b64aa59cee5c2f309100b17b453fb1ad551f0166e06c0e821", "time": "2018-01-13 04:42:02+08:00", "suspect_from": "0xce516f9824dbd54c552398db72286e8960a4d7d9", "suspect_to": "0x6b7821bbb51ff5e5854f3e4a2f05a5101f90f2dd"}
{"type": "eth", "txhash": "0x9af0e03095a07a49c7fd352370e8c3d0767dc7f2466de9472e7c27d55fcb4974", "time": "2018-01-13 04:42:02+08:00", "suspect_from": "0xbf61ffa65dce8bb0446d3ece6f9a2e06777a9aa0", "suspect_to": "0xec05351ad22bc888848d8eeea430053c086245fe"}
{"type": "eth", "txhash": "0xab044f70117d017d3687c4da7ad65d456ec48f2d45f7423eef6fec097f726701", "time": "2018-01-13 04:42:38+08:00", "suspect_from": "0xf8824a8e2ac8e6d817591d5e659026151e08c097", "suspect_to": "0x8f3c9a5dcd10e3b3a2744dc63c4c10112244d054"}
{"type": "eth", "txhash": "0xccad26b3bf501542bfff674cd1bc489c277d23d07cb17aa6008661103b4f8a1e", "time": "2018-01-13 04:42:38+08:00", "suspect_from": "0x18441508ce945d5d87ae35fcb904ce39c4cdd96e", "suspect_to": "0xd5d969b45a65ac7d0b055cf5152728822044053c"}
{"type": "eth", "txhash": "0x6094977e65026fb1c053067cd95a1863a4071e2e35adfed25b746d7375fef311", "time": "2018-01-13 04:45:36+08:00", "suspect_from": "0x6188fa0de9560e4c5660da116606271e2a7d9646", "suspect_to": "0x8271b2e8cbe29396e9563229030c89679b9470db"}
{"type": "eth", "txhash": "0x92caeb3793bc83f71afcb082099fc5a02544db88cd841db7b9555c2eb12a2420", "time": "2018-01-13 04:45:40+08:00", "suspect_from": "0x563b377a956c80d77a7c613a9343699ad6123911", "suspect_to": "0x5fa54881c58856c6d8836b05b1920a06d3fd0007"}
{"type": "eth", "txhash": "0x231b9ce0959e6b6c3adb620aac3aad524e83c6b26dd271a5b75d1753e0daed18", "time": "2018-01-13 04:55:09+08:00", "suspect_from": "0xa8d67f920366b860274cce45c94f04e1b7a5055a", "suspect_to": "0xbd0401b52f40dd1a45bdb17fdc84beed3ea39bd8"}
{"type": "eth", "txhash": "0x30a343808f5c5286626d45e42bbfe2bf3281d33fb2f4b9b83cf9a132a9c5b686", "time": "2018-01-13 04:56:36+08:00", "suspect_from": "0x75e43a42ad32d04969b5a94fa2a7115feb6e284d", "suspect_to": "0x062817061861a1d03b843071e704fd678cc65210"}
{"type": "eth", "txhash": "0xd3b974fbddddc1dded48fa988bcbc18f3bdcf2a87ee5b00d875989f66fa45147", "time": "2018-01-13 04:57:36+08:00", "suspect_from": "0x3b0bc51ab9de1e5b7b6e34e5b960285805c41736", "suspect_to": "0xcea50b88f813de23a66e687eb1023c48729e4f6c"}
{"type": "eth", "txhash": "0xf25702cd8483f1fd59c4ba53107ef751e3cfc3eec6a85a3ea071fb937b9fe493", "time": "2018-01-13 05:01:50+08:00", "suspect_from": "0x306b16a86776d9917883ba666ad0fc4b4310addf", "suspect_to": "0xf90d947bf2997be92e6ccb99d703f5f25831a7a2"}
{"type": "eth", "txhash": "0x9af8ae6e587234f2892302df704c6b35ed160327b6f5ddc3cd7e230e29b58e93", "time": "2018-01-13 05:06:18+08:00", "suspect_from": "0xcc0c9cc13516470cf477e20e4cc1101a245ee9af", "suspect_to": "0x43586658cf1fe8d8a563e8ab8e8d102370391a1b"}
{"type": "eth", "txhash": "0xbcac5137486e5f49c459f69f84ac5ff70eeff4dc5e04f7909bbc327ce4348c9e", "time": "2018-01-13 05:06:30+08:00", "suspect_from": "0x3b0bc51ab9de1e5b7b6e34e5b960285805c41736", "suspect_to": "0xfc7bf70a78c62b3d3d9ece0602dafeb74a1c0bd1"}
{"type": "eth", "txhash": "0xba4b0bd1196aefc39d9c0c9e73e9ca9f373a6adc18d5530c9847dd1e2ed23f3d", "time": "2018-01-13 05:06:39+08:00", "suspect_from": "0x3b0bc51ab9de1e5b7b6e34e5b960285805c41736", "suspect_to": "0xfc7bf70a78c62b3d3d9ece0602dafeb74a1c0bd1"}
{"type": "eth", "txhash": "0xf327ea6d55d7e8f271f3979e57154dc08a7ad356e9b958c1b06d20cff718a30b", "time": "2018-01-13 05:10:18+08:00", "suspect_from": "0x52c7456f3d9c6ba218ecec6a4a7c782033615341", "suspect_to": "0xd126a2dfd37563bbb94793278b6f382630f06dd7"}
{"type": "eth", "txhash": "0xf968fc7cdf11d39c78d547c559a34436f9beb8bfd9d26c217311768d8c9fdcc3", "time": "2018-01-13 05:15:51+08:00", "suspect_from": "0x12550e0c63163d9c74f3d0f3c06bca1b66265e95", "suspect_to": "0x642f10e6f43c612e794506b8043f41b9e899db23"}
{"type": "eth", "txhash": "0x0d801be5b2292cf2b46ca633919faa722323fb1814f70dde7d82cc288376c59f", "time": "2018-01-13 05:16:31+08:00", "suspect_from": "0x943fd43b0448e808feb0095c79d1fac4a16d0e06", "suspect_to": "0xf12a1485485a1506c0a60eaf14fb813f76f87570"}
{"type": "eth", "txhash": "0x397eebed34ebb649076ba6ac5db784207be90f34da643082161588a721c0b6b4", "time": "2018-01-13 05:17:02+08:00", "suspect_from": "0x529e3b89a6a6843a764010ab701ce6093f3cf01d", "suspect_to": "0x8c05b672d7c9d0b5be3089216cd2b6f47058c0ba"}
{"type": "eth", "txhash": "0x70c2caf1981dcf92ccca59df4121d0aab15800fda0b789febd5061e30a89cba4", "time": "2018-01-13 05:18:26+08:00", "suspect_from": "0x3f5ce5fbfe3e9af3971dd833d26ba9b5c936f0be", "suspect_to": "0x7452c6fb8acf445a613d365809f2034b863baff6"}
{"type": "eth", "txhash": "0x68c8cf2922858f2f69f5deaa40d4d8c5708cd6ff854ccadcaad047dd8554b110", "time": "2018-01-13 05:18:46+08:00", "suspect_from": "0x8c05b672d7c9d0b5be3089216cd2b6f47058c0ba", "suspect_to": "0x817a630fd484066c40385ed2a6f529c3d945dcc9"}
{"type": "eth", "txhash": "0x07f44b7905449445b3c9c4f9d53d21190909f95f9cb3753ac9351b1840ada2e8", "time": "2018-01-13 05:19:14+08:00", "suspect_from": "0x37935d4e354fbfed08739afd51b9a3ff25013a02", "suspect_to": "0x59f9d741ca2f38f1c3473ebd4fad66a65b4cf4e3"}
{"type": "eth", "txhash": "0x47ad1727af9719b97791b5b90cd6b3cc29b01d6aa7d1b88a5bf4c4dd0ce64dec", "time": "2018-01-13 05:19:14+08:00", "suspect_from": "0x7452c6fb8acf445a613d365809f2034b863baff6", "suspect_to": "0x65e2c5175e2e618f48e70343b14c31b280e42d90"}
{"type": "eth", "txhash": "0x1d58960d829030edb625bafd9f5a07fe41c1e5a3adbbbd3ce8080ffa87899ac0", "time": "2018-01-13 05:19:44+08:00", "suspect_from": "0x7a41f95a732e06ff4fd9a93ad1049a0643ff19f2", "suspect_to": "0x411b66f88f5513af5691cead1e60ddba8aa5d1d9"}
{"type": "eth", "txhash": "0xc0c2b0c623a91b0849ebff2cd66fb9e4b3d245a878cff8e25c8e6651f453c760", "time": "2018-01-13 05:21:32+08:00", "suspect_from": "0xeed16856d551569d134530ee3967ec79995e2051", "suspect_to": "0xb595dba31a03fb01ff4c35b5c30f61dcf65fd3a9"}
{"type": "eth", "txhash": "0x98b5d1e59c9bf5b2f050a3537d298ab6517473e0e8913951ec796ebb8b157e32", "time": "2018-01-13 05:21:50+08:00", "suspect_from": "0xd3273eba07248020bf98a8b560ec1576a612102f", "suspect_to": "0x97a5f66e82d8fb0d8434609b3c949eb02834fb5d"}
{"type": "eth", "txhash": "0x8a9dde85bd2fc3abcb3c89d4dabac2195d5b3fd339f46be281222d4191cd9c31", "time": "2018-01-13 05:21:57+08:00", "suspect_from": "0x563b377a956c80d77a7c613a9343699ad6123911", "suspect_to": "0xb7242a716ad8bb76e26f094d3f370aad4322f1b2"}
{"type": "eth", "txhash": "0xd06b7b1ae4d1a08b50a085549378d82837c6eaafd831a681e473567b2a5dbcb4", "time": "2018-01-13 05:22:21+08:00", "suspect_from": "0xeed16856d551569d134530ee3967ec79995e2051", "suspect_to": "0xb595dba31a03fb01ff4c35b5c30f61dcf65fd3a9"}
{"type": "eth", "txhash": "0x00cba2e281cf83295590a441573c6ac26edbe0cd8eb537cee7b28738bb7e302b", "time": "2018-01-13 05:23:59+08:00", "suspect_from": "0x563b377a956c80d77a7c613a9343699ad6123911", "suspect_to": "0xf9891c2feace45e18fc01c47f711c1053bd4fa6f"}
{"type": "eth", "txhash": "0x421b8d7423c0fb3bb8325aa3ae2deac7d53f2729a92c02d2a1330fee64d79e18", "time": "2018-01-13 05:24:49+08:00", "suspect_from": "0x563b377a956c80d77a7c613a9343699ad6123911", "suspect_to": "0xf884e9f89ba0eae19692a112f86522b723e5d821"}
{"type": "eth", "txhash": "0x5c545fbd5c7dc272d354ff3d97bc4fb9aaebdbf9268f2bd5a0be7e494618b5ce", "time": "2018-01-13 05:24:49+08:00", "suspect_from": "0xbf8c99385e9ad5c11aaeeb984c2bdd3b1b56d09d", "suspect_to": "0xc2c304cda75347d24696e66ddf22d65c50c277bc"}
{"type": "eth", "txhash": "0xa151574bf6aef21fa4a0444056a2f3f8a628ba55f07af873514414346c80a95b", "time": "2018-01-13 05:24:54+08:00", "suspect_from": "0x3b0bc51ab9de1e5b7b6e34e5b960285805c41736", "suspect_to": "0x97a5f66e82d8fb0d8434609b3c949eb02834fb5d"}
{"type": "eth", "txhash": "0xb0e8e2deef16fc4343e64d1adf774d809733f71639b36135cf4f7b285d8662cb", "time": "2018-01-13 05:30:59+08:00", "suspect_from": "0xeed16856d551569d134530ee3967ec79995e2051", "suspect_to": "0x6d59d609709dafe6cf9e766efd7d023ec4e356ae"}
{"type": "eth", "txhash": "0xa14413150feb53f8a29cac0bca80252d19ea56108558d15fa813d83e115f9305", "time": "2018-01-13 05:32:20+08:00", "suspect_from": "0x341b29680f16a50a7bfa7e8f824fe1dce5f245eb", "suspect_to": "0xb54f5ca2441441cb017306170690b188b3b7b9e9"}
{"type": "eth", "txhash": "0xe3a6da567934da30d09d2b4f17ecca02858d04d5bfa96e4ae794843a5c98e310", "time": "2018-01-13 05:41:14+08:00", "suspect_from": "0xc265b0b64cc2cc2e19ee41c66cacb43e9ed45eae", "suspect_to": "0xb7a83a7f429e91cc93c5a172dc9a0f242a46ef52"}
{"type": "eth", "txhash": "0x14cc3b1004316c1f17c75e8b05c1ee78a92ee705952aa03f4f464c48fdc6fb52", "time": "2018-01-13 05:41:22+08:00", "suspect_from": "0x3f5ce5fbfe3e9af3971dd833d26ba9b5c936f0be", "suspect_to": "0x7c62968aa3a00d903e2b6484b9dcd654794fcdff"}
{"type": "eth", "txhash": "0x87b34b7d770c3458752142602c678ffd285c780d49504d97be9f929b200c5a1f", "time": "2018-01-13 05:44:18+08:00", "suspect_from": "0x3b0bc51ab9de1e5b7b6e34e5b960285805c41736", "suspect_to": "0x0d679b41e3bddd94c9f9bdf842966ef7961de566"}
{"type": "eth", "txhash": "0xe98b44255c712db3ee764afcb7cf6c7ec728cd112bdf242cbb988118d89ce585", "time": "2018-01-13 05:44:18+08:00", "suspect_from": "0xd3273eba07248020bf98a8b560ec1576a612102f", "suspect_to": "0x0d679b41e3bddd94c9f9bdf842966ef7961de566"}
{"type": "eth", "txhash": "0xaa00e553b65eabcb3e6739dc875d696ebfd135d07dde7f9a5840588b7750fbec", "time": "2018-01-13 05:44:18+08:00", "suspect_from": "0x7c62968aa3a00d903e2b6484b9dcd654794fcdff", "suspect_to": "0x5d04b8e3e96657853d870bc1547646e2ce2c43de"}
{"type": "eth", "txhash": "0xccd0511a72574948b4b2919fd2ac76f6e666a4ccff3a7a9a996ff1c7acf5fbdc", "time": "2018-01-13 05:46:39+08:00", "suspect_from": "0xa04d5a79513b549ed905b53b623cf07a2722ad5f", "suspect_to": "0x2cd5a8097501089bbfb5803132fe244184a22a6a"}
{"type": "eth", "txhash": "0xd0ad4bb666d51008a9c7f242621264c3f446ada031cdd3310d770da95f382c6d", "time": "2018-01-13 05:51:52+08:00", "suspect_from": "0x034f854b44d28e26386c1bc37ff9b20c6380b00d", "suspect_to": "0x6a28f061badd6c27fcdf4985c3673e3dd9d28f8d"}
{"type": "eth", "txhash": "0xe206011e9173dd0a012b4db17985ecb8e73807a836d9eef6be6b02c0bb2fb3d9", "time": "2018-01-13 05:52:27+08:00", "suspect_from": "0x411b66f88f5513af5691cead1e60ddba8aa5d1d9", "suspect_to": "0xabbb6bebfa05aa13e908eaa492bd7a8343760477"}
{"type": "eth", "txhash": "0x22d9e946835172f59567b3c54c6f3a4a41a583cdb4f87cc4af1a25f703d80438", "time": "2018-01-13 05:52:58+08:00", "suspect_from": "0x3b0bc51ab9de1e5b7b6e34e5b960285805c41736", "suspect_to": "0x0d679b41e3bddd94c9f9bdf842966ef7961de566"}
{"type": "eth", "txhash": "0xa389df5f3e19ae5349154a238c9c7f0859b50ba16c30428fddea1bc69f864034", "time": "2018-01-13 05:55:20+08:00", "suspect_from": "0x563b377a956c80d77a7c613a9343699ad6123911", "suspect_to": "0x0d679b41e3bddd94c9f9bdf842966ef7961de566"}
{"type": "eth", "txhash": "0x75ee4c8ce3a3d2881ae6a5a3e87e3c4b60e1995ec34aa6e1f6c004ca6c73c9a4", "time": "2018-01-13 05:58:17+08:00", "suspect_from": "0xd551234ae421e3bcba99a0da6d736074f22192ff", "suspect_to": "0x3126f3420a9b7a22d1325e6b15c48e0baf4b60ab"}
{"type": "eth", "txhash": "0xcb988edba5cf9628bc6b1c5e921b32f2b5855c3332fdd33ad10d644955b146c1", "time": "2018-01-13 05:58:26+08:00", "suspect_from": "0x3b6f8dacc3bde144e261ecac9fed4513a3d86796", "suspect_to": "0x6a84af08f1730d8f79fe6cf949e2d1d861d764c9"}
{"type": "eth", "txhash": "0x6de6eea59a7ece310da5afbab0fba3aca9227af5810dfb64e231ff54b0722bd6", "time": "2018-01-13 05:59:26+08:00", "suspect_from": "0xb54f5ca2441441cb017306170690b188b3b7b9e9", "suspect_to": "0x70faa28a6b8d6829a4b1e649d26ec9a2a39ba413"}
{"type": "eth", "txhash": "0x476ccee1369f557b7961b4bb0db66ecc95290c8a611f5a7d4aeaa90bfa180ada", "time": "2018-01-13 06:00:12+08:00", "suspect_from": "0xfbb1b73c4f0bda4f67dca266ce6ef42f520fbb98", "suspect_to": "0xdf2c4dab99a63886be953e18ad53a720f34a238f"}
{"type": "eth", "txhash": "0x4d344f498065d3a0586933106ad339370a0f8250cd3aa980842bc1d2e9dc1c1d", "time": "2018-01-13 06:01:02+08:00", "suspect_from": "0x3126f3420a9b7a22d1325e6b15c48e0baf4b60ab", "suspect_to": "0x8c3bf7b7ad5f45daf73da472765375c3eb1ce73b"}
{"type": "eth", "txhash": "0x5ee133717023bcf0e2c1692f351317261cf18e2aa7dea9ff2290d67afa4ff961", "time": "2018-01-13 06:01:17+08:00", "suspect_from": "0xb94d90fcbe01a15e45b63502ea69201746eb74b6", "suspect_to": "0xb66bf46905ec102e33b8003561e5ba3bd0a66fb6"}
{"type": "eth", "txhash": "0x6fe36ea4b4b284b4e3ff2046433f8d86ea0834ffda3c2e51085ab5c33e630856", "time": "2018-01-13 06:03:27+08:00", "suspect_from": "0xeed16856d551569d134530ee3967ec79995e2051", "suspect_to": "0x0d679b41e3bddd94c9f9bdf842966ef7961de566"}
{"type": "eth", "txhash": "0x230d8eab7a5ad7f6110611ecf09153e61affbdfb0066e29af1896dba4e18f9da", "time": "2018-01-13 06:03:59+08:00", "suspect_from": "0xb66bf46905ec102e33b8003561e5ba3bd0a66fb6", "suspect_to": "0x2332dac087544c2d65ac3282b2e47373e2ba85fe"}
