{"type": "btc", "txhash": "303ccf9517a366f477d7fcd0a81c584b9c11f8683840a053c8cc1819402d1b3f", "time": "2018-01-13 20:11:45+08:00", "suspect_from": ["1Bqo8uHgr1f8m7xpDAzJjpQqAsNm7kA8Mi"], "suspect_to": []}
{"type": "btc", "txhash": "541c71e59d17d65533e23efca13791ea5d977d1cbbc93480229ba040ba11d9c6", "time": "2018-01-13 20:11:45+08:00", "suspect_from": [], "suspect_to": ["1Gw1QGnDTcSMpehX914w4uX8NNntCS6aZm"]}
{"type": "btc", "txhash": "b76da0b2a2d6194cb1f9d60d8923725e52f9ca8a3a8603b19fa94dd146dc83c5", "time": "2018-01-13 20:11:45+08:00", "suspect_from": ["1Gw1QGnDTcSMpehX914w4uX8NNntCS6aZm"], "suspect_to": ["1Gw1QGnDTcSMpehX914w4uX8NNntCS6aZm"]}
{"type": "btc", "txhash": "49fc4312136290d47115728f85c8630cb17dc036af55c1210661e2b8d7d131cd", "time": "2018-01-13 20:11:45+08:00", "suspect_from": ["1Gw1QGnDTcSMpehX914w4uX8NNntCS6aZm"], "suspect_to": ["1Gw1QGnDTcSMpehX914w4uX8NNntCS6aZm"]}
{"type": "btc", "txhash": "6414f9c4ba0c5b06f2d840ef76996de5fba3d09ae0ace303fff54ce982edde55", "time": "2018-01-13 20:11:45+08:00", "suspect_from": ["1Gw1QGnDTcSMpehX914w4uX8NNntCS6aZm"], "suspect_to": []}
{"type": "btc", "txhash": "e1d7ea6f73963706ea154dd79ead391e5b42ba64f40d76fdfa58658e3abc49c2", "time": "2018-01-13 20:11:45+08:00", "suspect_from": ["3JbPM7Jjaucwb5BVRigcpDLPgMHQa45omr"], "suspect_to": []}
{"type": "btc", "txhash": "295148a1c31044fdab4457c88ab41424554c52922cb9069fa15c37c6181ce0fc", "time": "2018-01-13 20:37:54+08:00", "suspect_from": [], "suspect_to": ["38fcx2P9ZdK6eqG6A2Ft45okidWqmHrxxm"]}
{"type": "btc", "txhash": "b92454686a0332a17e0096b48d38e12ec564fec47831e397d59f7957bbd994ce", "time": "2018-01-13 21:35:31+08:00", "suspect_from": ["18eeY6Y6jeGHx1fe6Nyna5k1qSNVvdpuG5"], "suspect_to": []}
{"type": "btc", "txhash": "166123630a35ffa7097cd7efc5beb29b5a067b32188e9f959d1165cfa975be6b", "time": "2018-01-13 21:35:31+08:00", "suspect_from": [], "suspect_to": ["39BfQBXJxKjPqE8N6Xp642Q1VitF6wWpwE"]}
{"type": "btc", "txhash": "17e4813fa7b41e72de1ae8b55667ed6600fe89b66e231617832f438747675dfa", "time": "2018-01-13 21:35:31+08:00", "suspect_from": [], "suspect_to": ["33eT3rmHnvS4RYGqHhqycU884ZLmeooaJN"]}
{"type": "btc", "txhash": "c8678396c4177e3c4d392a1af698020220705723d2e96f7f019ebfe8693f6eb2", "time": "2018-01-13 21:35:31+08:00", "suspect_from": ["3A5Wo19QCWZom8UiksHGAGU1rSNXkj35jX"], "suspect_to": []}
{"type": "btc", "txhash": "7ccfb53cab0e148bb2aef3915fb59ce53bdf937d8d9ca58988c9bc2d0c6d4467", "time": "2018-01-13 21:35:31+08:00", "suspect_from": ["3PmeziTgoFmrZwK21mk46pgVhnGLueMXCP"], "suspect_to": []}
{"type": "btc", "txhash": "590192662d5ace4a406ab8f7037d5b5c5279c86f0783b111f8c4c6b9b8e9e34b", "time": "2018-01-13 21:35:31+08:00", "suspect_from": [], "suspect_to": ["382qQnqSbruttqW1z5HWL8ZuRddPvZkUSj"]}
{"type": "btc", "txhash": "4ba06f48e418968425f1641349da2bedebbee42dc4d9729950b9e82d5e14bdfa", "time": "2018-01-13 21:35:31+08:00", "suspect_from": ["1DtMC2bmhCM4DNDknFopRvnnr8YFGqaJvy"], "suspect_to": []}
{"type": "btc", "txhash": "dcecd9cbd159e581022c024545738943accdea9f028f728418f1d5c3d6f32ceb", "time": "2018-01-13 21:48:27+08:00", "suspect_from": [], "suspect_to": ["17nk18Rjg6YSqP4B7ba9k3LhzJyLEoQaXm"]}
{"type": "btc", "txhash": "72d5febf598afdac1bbdeed19fe5a1298c3f4d0e053d0668ff1fe9c13fcffbf0", "time": "2018-01-13 21:48:27+08:00", "suspect_from": ["17nk18Rjg6YSqP4B7ba9k3LhzJyLEoQaXm"], "suspect_to": []}
{"type": "btc", "txhash": "5a7f577b0617c7de450fd462e4c200a23e0fca78aaed2718943debd71b08ca0f", "time": "2018-01-13 21:48:27+08:00", "suspect_from": [], "suspect_to": ["1P9RQEr2XeE3PEb44ZE35sfZRRW1JHU8qx"]}
{"type": "btc", "txhash": "e1780f26e5ac9586d90d573567346c4340b8af938988d59afe19b9ed710ada68", "time": "2018-01-13 21:48:27+08:00", "suspect_from": ["1P9RQEr2XeE3PEb44ZE35sfZRRW1JHU8qx"], "suspect_to": ["1P9RQEr2XeE3PEb44ZE35sfZRRW1JHU8qx"]}
{"type": "btc", "txhash": "45f18980100928708604d03ef55ac9a2300df4919183babbe16b366b5ce69907", "time": "2018-01-13 21:48:27+08:00", "suspect_from": [], "suspect_to": ["1L2ixhyqFYq1VWrcmUuSF1PofQbrh3Vr95"]}
{"type": "btc", "txhash": "8571cdcd5269319c3c31bbee45d712bf2296ff840cbe99d1f8e82b02b115dda6", "time": "2018-01-13 21:51:34+08:00", "suspect_from": ["3NBFvWNdFWSqeRYViZycwVKhPW7nxo7Ar3"], "suspect_to": []}
{"type": "btc", "txhash": "3fb0b2fd54e0119eb728c3b03a2c38e104f80f493c659d89d5e3c81fe96ddd40", "time": "2018-01-13 21:51:34+08:00", "suspect_from": ["3EEW1vfgAwAJSyYGAtrc8dgCtRKLRCQHy6"], "suspect_to": []}
{"type": "btc", "txhash": "f1d9e358108cecbd9a75aa76b6b7b30b8af470bbd20a7315036874d867aa87e9", "time": "2018-01-13 21:53:26+08:00", "suspect_from": [], "suspect_to": ["33KRAL92jv1nvjcXDvSUcKEjVnjRh84JQH"]}
{"type": "btc", "txhash": "37da61815959ad5fe171351869e48aa519c3822087d7ff7435fa86c2043a362e", "time": "2018-01-13 21:53:26+08:00", "suspect_from": ["33KRAL92jv1nvjcXDvSUcKEjVnjRh84JQH"], "suspect_to": ["33KRAL92jv1nvjcXDvSUcKEjVnjRh84JQH"]}
{"type": "btc", "txhash": "5271929d0b232106126424450be026c7e112462ad08bd735d3e1a18879cc6821", "time": "2018-01-13 21:53:26+08:00", "suspect_from": ["33KRAL92jv1nvjcXDvSUcKEjVnjRh84JQH"], "suspect_to": []}
{"type": "btc", "txhash": "00db1c027709b54c289edd72f594f2be22a35b5cec0ffd94b20cd910886bccc4", "time": "2018-01-13 21:53:26+08:00", "suspect_from": [], "suspect_to": ["bc1qwqdg6squsna38e46795at95yu9atm8azzmyvckulcc7kytlcckxswvvzej"]}
{"type": "btc", "txhash": "4906eabce543df8a0967d4e052661990924bf87ce1d5000a11b0202a42e36f17", "time": "2018-01-13 21:55:42+08:00", "suspect_from": [], "suspect_to": ["3Qf1x1vzHhSW8EwsyzzJn8jKqXF2gJHArw"]}
{"type": "btc", "txhash": "faa0094a505f6e77dd39a76a35153f7a1077389417c7bf39985e5bc607af8ce3", "time": "2018-01-13 21:55:42+08:00", "suspect_from": [], "suspect_to": ["14WqR3ef2whboffXHT2yFgChsxy1vwpVst"]}
{"type": "btc", "txhash": "d250308f81af72c0e94c16e92e6f8cad056cc1440fc10b427c9a1d7d0e1c6819", "time": "2018-01-13 21:55:42+08:00", "suspect_from": ["3ADfkwuTUhQFeCzoUTTCXNTgXUHBhitxRB"], "suspect_to": []}
{"type": "eth", "txhash": "0x896ee1cd3d365551ea7d9a96fa37f1aa7247184b4c116866daa0ff8d3fd083ad", "time": "2018-01-13 20:14:43+08:00", "suspect_from": "0xab8e318732bd3fbfd542af241ffc6e32c16bab06", "suspect_to": "0x1fc1cdc940f500f295294e96b382c86ace5d31e9"}
{"type": "eth", "txhash": "0xf7439fc14580906d074dbf39483c74f340c5e66de50541ed5da88a70b4f5e0f7", "time": "2018-01-13 20:14:50+08:00", "suspect_from": "0x76d9f965d7f7922169598f8a5583ff0ea2f60068", "suspect_to": "0xd2ac472586226e117f4ea2f128027936834b0c16"}
{"type": "eth", "txhash": "0x6b34bbe84825b6c0d7422422645865a93bfbc31e810f881991b76398dc177ec9", "time": "2018-01-13 20:15:03+08:00", "suspect_from": "0x0adba79d3877e4111cc2d9f3ce23043a865e681f", "suspect_to": "0x172a55cc3611c193ea7f90c4baed692a909b3697"}
{"type": "eth", "txhash": "0x1014ece3ee75589bfa1f6ff8b38ff9c9fa0d3704e499b6936a912d1c1d0e1758", "time": "2018-01-13 20:15:20+08:00", "suspect_from": "0xbd4b542fe325421af2dc51a42cc9eaae890613f1", "suspect_to": "0x8381b0708f26553ae3e4e637036a48141b388f24"}
{"type": "eth", "txhash": "0x8adbd595730a965820e7327600b345ef40130fcc6ec409d30f0879f69e3ab027", "time": "2018-01-13 20:20:02+08:00", "suspect_from": "0x376a11e5a0923d2a2be0c651213387aa4e459f90", "suspect_to": "0xc4d96f3f4cb7756547466c86d8b840c797e0930f"}
{"type": "eth", "txhash": "0x0736d07324494891767b1b074bb9d0c5288a78a936db4815ad589ccbd197793c", "time": "2018-01-13 20:20:02+08:00", "suspect_from": "0x125d8c2bb618d2747c6825991cc81ddb3fe080bb", "suspect_to": "0xe414329abfa1d69557e50d43b9b4b8d86adf72e8"}
{"type": "eth", "txhash": "0x362aee07d2f1a6ed461b9ee24f7e0b313bf601a9ea52d4674b5eb0c199293707", "time": "2018-01-13 20:20:02+08:00", "suspect_from": "0x250945b392267da9f3ace497132fb2aacdf253ae", "suspect_to": "0x704c2ac7f03f644ee807dadb0e10df0ab5648b6c"}
{"type": "eth", "txhash": "0x6f4f6ef8a69e5cbf0cfed80000f3e43b9940901664988f107dff43e6470f62e9", "time": "2018-01-13 20:20:02+08:00", "suspect_from": "0xec56700da12dfeaac7bbdf6e218dc1936bac25ea", "suspect_to": "0x00e9660f96aa0a6e82289540e08a2420dee02443"}
{"type": "eth", "txhash": "0xb8c1f09fe9b11b0b1dd90e9c93f8aa4b25d6b9db40b31ad771edbdf0a451579c", "time": "2018-01-13 20:20:02+08:00", "suspect_from": "0xafa2e79c58c51b538be90bbdbf224cde8a890ded", "suspect_to": "0xc477703f00dd2210cd74a8fcf54ccbbd4a78b467"}
{"type": "eth", "txhash": "0xbf2dae30403419bcb0fa928d992aa546ecd4d5c5e02728fcd93f6304c5f06e82", "time": "2018-01-13 20:20:02+08:00", "suspect_from": "0x96bbab4f9a6402830327e245154ef4be8f537510", "suspect_to": "0x39a462e4b5ee0741eecb32e8333737620a3035f0"}
{"type": "eth", "txhash": "0x41896055349826a6dff5106e8bcde7fba2a202b19fb99cdf64a48f14ad930c91", "time": "2018-01-13 20:20:44+08:00", "suspect_from": "0xc589020b6fc230438d4c10bbfbe1cd923c180b7b", "suspect_to": "0xb66618a08dddc6db1ac8ac8c18a4069d003b1c38"}
{"type": "eth", "txhash": "0x6dde16e289eda2e3e17bc0d2c5090edfddcc7c42f16725a39eb1767c9d83b0bb", "time": "2018-01-13 20:21:00+08:00", "suspect_from": "0xc93c0daf49d1d329ecf63f1283b18a6676534573", "suspect_to": "0x821031497d1783ca6d336290cc1b15ae1a71f998"}
{"type": "eth", "txhash": "0x8160ab234f6bb3be75a28644122197e607be9bbec1756cc4bf6b07fef2625e65", "time": "2018-01-13 20:21:00+08:00", "suspect_from": "0x6c68a37ecb65e23a0805593a0b77384f9934e1bc", "suspect_to": "0x67ea822bbbb7583907943a5f419e1d50fd50cd3b"}
{"type": "eth", "txhash": "0xef633f36ff08186787e7642c6e226bbc3034e17896b99d1828e2693ab5f61608", "time": "2018-01-13 20:21:14+08:00", "suspect_from": "0x70a2f746bbe13e4f84153337038dad2416b7eec3", "suspect_to": "0x4ab44692f6ee732608fd71b1ad9ebf60eb3e359e"}
{"type": "eth", "txhash": "0xfe256b4292bc8dffe6ab44bcf3af686ce9a783c08220ae94f7faf6c9df4da0ac", "time": "2018-01-13 20:24:22+08:00", "suspect_from": "0x5315273c40dcbef8e4199f8d1e8d47782fcc654e", "suspect_to": "0x6a4ac8a1059c1f8a8236466f40674b2e185da80f"}
{"type": "eth", "txhash": "0xb8492737ed2a1365398e62318a93cee530f26a34b5180fef8f35f0d838e6cc43", "time": "2018-01-13 20:24:22+08:00", "suspect_from": "0x0d39ab8d4d260645d06a4abca88c524df5511938", "suspect_to": "0x0a49ecad6d4a81115deba148daa0e18fd9f75af3"}
{"type": "eth", "txhash": "0x475cfece99721b55b4c86027a89821fce9f192db843761f812c4e7923263a06c", "time": "2018-01-13 20:25:02+08:00", "suspect_from": "0xd4cc41142de32296eff5d258cc0b6c182a95618a", "suspect_to": "0x5bca8f567deb2f52e9a04943f80e16228630748d"}
{"type": "eth", "txhash": "0xe51a41b1c0fa9f9e29fa5f4737e285027df9291a44667e05a3610d688bb2345d", "time": "2018-01-13 20:25:02+08:00", "suspect_from": "0x3ca3e6ab94c7ea22548e2cf739ee1ece74cc3957", "suspect_to": "0xccc10500034471055c7d764dc938bbdd7bf2b606"}
{"type": "eth", "txhash": "0x3e6b683357a23775fb2f17d409a1d18f4cbd319f1106a307628c5e5d09b829ed", "time": "2018-01-13 20:29:16+08:00", "suspect_from": "0xbbd902491fea7aba508e9b97d067787ae81f28a1", "suspect_to": "0xf014212740b78b07acda0e801cb6460ea0a4262b"}
{"type": "eth", "txhash": "0x9532618a63d08236a6accde2b7629607b4069f814934bf63cdd3f2794d083c08", "time": "2018-01-13 20:29:16+08:00", "suspect_from": "0x257bf31cb992308083d164510f4b537b24928026", "suspect_to": "0x495991110fd688498ce8d8ded5d4bba13eb7e10f"}
{"type": "eth", "txhash": "0x941f0122977413bffd56dd70193b9ae592b477a4ee1039b4d1b07fc7da5cb53e", "time": "2018-01-13 20:29:16+08:00", "suspect_from": "0xd7abbb4d7bd1a869b46283fdd322765266f8913a", "suspect_to": "0x6e966eec63380e911a8827123f7adc61910fc664"}
{"type": "eth", "txhash": "0xc711c9f812c479aeb8df23c592f7cc0edc6e1e6cfb1bd0e0e57aec4e32372267", "time": "2018-01-13 20:29:16+08:00", "suspect_from": "0xadd652094a940349db2525d5a72cafbf2ad7a76b", "suspect_to": "0x3d68507f12f1b78e9cd63ea7bce15856e5fffd8f"}
{"type": "eth", "txhash": "0x4d718cc2b08ff08dc76b885a4bb261552e8d16f1695ccea6fc3913221515926b", "time": "2018-01-13 20:29:16+08:00", "suspect_from": "0x6faed7d67aca0f6902538d9be4a80533861ff20b", "suspect_to": "0x4a5c7d654e63ea3f58a5c2f0dc037c419a14793a"}
{"type": "eth", "txhash": "0x8dedecff3a211ddafb4355f64adc7198f9936aa1457ed7a0ac2448248083506a", "time": "2018-01-13 20:29:16+08:00", "suspect_from": "0xfbcc9eab855f484014c5d59ab357ed6561738713", "suspect_to": "0xe87b2a631c88463fe7b1b5ec0a18d975c88da8bf"}
{"type": "eth", "txhash": "0x7a2da6d89a814ed3e7fe351dfe35c91e1a2174459e7ef481a49a49bb61049823", "time": "2018-01-13 20:29:16+08:00", "suspect_from": "0x1dbc8b6a6c6c57cb7ca1e5b257bd811d19034715", "suspect_to": "0x84904479d05ce025fb147e7e13ab2bc93f8fba27"}
{"type": "eth", "txhash": "0xa09671fceb2662f3008cf573f0824019109bb6d2878d3699baa808d16c095f7b", "time": "2018-01-13 20:29:16+08:00", "suspect_from": "0xd8d35edffa6b101e2ef53852589b773e21274e8f", "suspect_to": "0x021cf277c8e5544b13cc50baf9f360ec87dc9452"}
{"type": "eth", "txhash": "0x96b79b02561ec73ac886af59632e0ef2bedabd3542988f810e178a068c848021", "time": "2018-01-13 20:29:16+08:00", "suspect_from": "0x7be9dbe10ee7178a750ee461f4a4895ea9addde8", "suspect_to": "0x2c3e094d7dc4d45addc5a79b3dfca6e100c91e4c"}
{"type": "eth", "txhash": "0x611fc7c4c00204661edd85c156490c07fc6dfcdb931468479c9c1b9fdd7b425e", "time": "2018-01-13 20:29:16+08:00", "suspect_from": "0xde654f3154fa4dbdf6e03601701ab0258ab95129", "suspect_to": "0x67f92ff142fc3ebed79109a392677009d23b8dbd"}
{"type": "eth", "txhash": "0xd3e520601d350766f816b11269ce56be3da2bea28e3825ac0c97ba7bd17eaf29", "time": "2018-01-13 20:29:16+08:00", "suspect_from": "0x7f38bb5f36523609eff11f07d89b8fc1e0473b8b", "suspect_to": "0x22e982d79ff3aa18e7ea7754da889f9b38c89325"}
{"type": "eth", "txhash": "0x1551a27e556a431b90abde393e243c8c285202e19a2b49843f57b3c7dc6d19ed", "time": "2018-01-13 20:29:16+08:00", "suspect_from": "0xdb5078f1cde6f95ab7e1b6c81e3ed709e74bb1f0", "suspect_to": "0x18a87188da747ab92d9d167bf673b86ba15d3262"}
{"type": "eth", "txhash": "0x8b3d476e8565c9a6a82416a61fdbaddcada9f19c1d430eddbd7be11e330a002e", "time": "2018-01-13 20:29:16+08:00", "suspect_from": "0xde47decf47d6b5304e35a15acf81d42b88328955", "suspect_to": "0xd8deea322a8ea139e414ebf72e3fb292ad845169"}
{"type": "eth", "txhash": "0xaab0ce2fea66d09a06c3af996fc6f46c1361706e8b2c4470c31d87167d334b75", "time": "2018-01-13 20:29:16+08:00", "suspect_from": "0x1da7fca101d5e94c2fb1b36a61817f72e42019d6", "suspect_to": "0x1f9a502d6ba2266ffc3a3e59dcd27738ad48b4a3"}
{"type": "eth", "txhash": "0x4114cbf16ac9164989ebe2c8742d31e91f8211fe699b7597a3374c29a66bc575", "time": "2018-01-13 20:29:16+08:00", "suspect_from": "0xcd7a100334ce42a718f28d635170d3e1a86f106e", "suspect_to": "0x86bc423a35839dfeb7f39f87e6f9b9d808c69a6d"}
{"type": "eth", "txhash": "0xc90d9b47e6c1a14f11ce6da411068d6ccb34c864326e18792ab5aca513c6a6d4", "time": "2018-01-13 20:29:16+08:00", "suspect_from": "0xdf74056522295ebae5d02e1686e45ccea6498662", "suspect_to": "0xabb0dd8348bedfd4a5bdb30f3295a67d582178d6"}
{"type": "eth", "txhash": "0x2cc097e545213bebf76c57655e99614252ca5dd94a1439ab54848854c8e6fb13", "time": "2018-01-13 20:29:25+08:00", "suspect_from": "0x0fbd9184f6cd1b5f388adf69f21e32afb3eed8d6", "suspect_to": "0x68c5be1052ea869c9d421a8b21cb81bd44d4e94b"}
{"type": "eth", "txhash": "0x3ee51d7e2d9dc6c6a5f8c97c6bac4441f718c3328108fa2d6393629d9418ef98", "time": "2018-01-13 20:34:16+08:00", "suspect_from": "0x2bb877857c8507e617bd4c90ee1b9921636dbd46", "suspect_to": "0xe408e2bdd51d0a1f7f8b65918268522bdb1c0419"}
{"type": "eth", "txhash": "0x0f51da6c69cdd8bb45a7481a6e88f4f9b4e23720c9d407e6f4f32e68c2901823", "time": "2018-01-13 20:34:16+08:00", "suspect_from": "0x34b01d008770a310eb68325153a62b9768ea8fa8", "suspect_to": "0x70e25dcaaf196d0bc52d59ed297c6ba47d5a764f"}
{"type": "eth", "txhash": "0xe911ff9c852fabcb87b172a19abfb4b6354175871028550aeb0fbcd2a6f5ab0f", "time": "2018-01-13 20:34:38+08:00", "suspect_from": "0x6866e42029f1ccff5e7c2017eb170614cdff70df", "suspect_to": "0x27d740a4bc489afd4fe6a5d9c34a1ed863c116eb"}
{"type": "eth", "txhash": "0x3eb25dda318cbf5c54cad0409669ecbe0c6b70d73a229e35449517d6618a1b7a", "time": "2018-01-13 20:35:14+08:00", "suspect_from": "0x4194da372b0c2214e324098dcae2514a77148714", "suspect_to": "0x138126b9950de5fadd4b040fcb568dc1a415b3a5"}
{"type": "eth", "txhash": "0x725950329397938847c33dc4f6df8b7482af73715bb6901ed7424f718bd143ee", "time": "2018-01-13 20:35:14+08:00", "suspect_from": "0x644694890ed2984ab9802f76af1367a6fb642ad5", "suspect_to": "0xfe0af7599190ce74ec49fd6828eabcaacedcd5c3"}
{"type": "eth", "txhash": "0x6d99be1d548bdc4456b82e5004e4d76c4b3bc8273355cbeac23afefbb8c72c2c", "time": "2018-01-13 20:37:00+08:00", "suspect_from": "0x05ee546c1a62f90d7acbffd6d846c9c54c7cf94c", "suspect_to": "0x232074ef2cfe7e62b103ff83f36fa3e9965f8359"}
{"type": "eth", "txhash": "0x6f498baf3e5e1a6018aefca1ede9ce0d25b56f44f920571ac7613bf90bfd9b60", "time": "2018-01-13 20:39:12+08:00", "suspect_from": "0xde38a0fa76257a6bfadc4f23eba5665aa3d19fb1", "suspect_to": "0xb57d1abc3e2573c6f3b4092ae7a3df68d3fd58a1"}
{"type": "eth", "txhash": "0x7e01cfc0138db4a2317518a3274ccd2f5a65685cce2827e755f39c0ace5b4013", "time": "2018-01-13 20:40:17+08:00", "suspect_from": "0x1ebfb50013434f7cf5ebb0a2b34b3dcff8daf847", "suspect_to": "0xb66937b04d0c5b23e820860c5dc947d2f19426ce"}
{"type": "eth", "txhash": "0xd12fd982d59ff5f4a5cae8939875ba8beb70f426a9fd70bb1d5a2bcfbde86f58", "time": "2018-01-13 20:43:48+08:00", "suspect_from": "0x6cfca8c180271b7e394db09740590d0315abeea4", "suspect_to": "0x029bd4e0ef0e1dccb419951cbb37ef23e4f70996"}
{"type": "eth", "txhash": "0x4b406b742cee966541fa373fb92e9cb993b8f47e0b0e64b5be4bcaf60100f700", "time": "2018-01-13 20:49:39+08:00", "suspect_from": "0xf430b8f7f0c5710dc97a22abb653406d447345a9", "suspect_to": "0x3e66e31bb047dd6336821b375739392dd8fa0158"}
{"type": "eth", "txhash": "0xb7891432d5bcc393234f60bf09507b47aff0adca3f76d41e488f873756546a51", "time": "2018-01-13 20:49:45+08:00", "suspect_from": "0xd511f72a0d21f58443c04ac0193e35c888628eae", "suspect_to": "0xd4d1273b9a7d3730b06b395159bc2d3795947ff2"}
{"type": "eth", "txhash": "0x8912feb5dfdfab15504d7c125b8675eb74f2f12ff659a29881e6e7c1eed753d3", "time": "2018-01-13 20:49:45+08:00", "suspect_from": "0x92280c74e300eefa272465c740baee6ebcce03f6", "suspect_to": "0xb21625cd252d6719398f5fb148ce72f67744dd47"}
{"type": "eth", "txhash": "0x57312a58890a49c0671df9247badb3a5f772e532b305d9d394b8960d3471ec5f", "time": "2018-01-13 20:49:45+08:00", "suspect_from": "0xb6450c1512a41d89c73ce5d9328bca52e1b91a2c", "suspect_to": "0xc9fa0313b57799e703d7a81aa450911d931143ed"}
{"type": "eth", "txhash": "0xfb0111dca2040be689aeb98481ae27b68192399db3df2687997c78b2705184e1", "time": "2018-01-13 20:49:45+08:00", "suspect_from": "0x9021dba6a6059db51d412ff7f71f877262706aff", "suspect_to": "0x46cf4fe10cc0f849afc12c08c77fc0fa841c6bb1"}
{"type": "eth", "txhash": "0x788b245ecb055db36d0791179543771b243f94d548af98c62c23f0b7f3b15795", "time": "2018-01-13 20:49:45+08:00", "suspect_from": "0x35965b40c42f39b522e9df5b7ebf351694555de0", "suspect_to": "0xe6a9635efd07a093ff21bf247572bc93377f15f7"}
{"type": "eth", "txhash": "0xa241f9ccb394e15650bd1a631e1dc3381664fcf227cc7f53e83364f6edfcef71", "time": "2018-01-13 20:49:45+08:00", "suspect_from": "0x21408a92a81a40be7df66453c61e5f77f565727e", "suspect_to": "0xc26dd6e69643c50ecc89009f2d219146a2b960b3"}
{"type": "eth", "txhash": "0x4c89ba14e71729463fd6156b57f53d6bb1aa6c934d7ce5bdad2d7bd68d62384a", "time": "2018-01-13 20:49:45+08:00", "suspect_from": "0x7d3195ede83f39f3a381c067a9fa01e28c04a8a7", "suspect_to": "0xac086f52343b58aeeb4cba87cd236ee3be788569"}
{"type": "eth", "txhash": "0x740ed08ec86c5287e6c0f801e6ccc224c410bec30a66a36d26fa66997df6c9f2", "time": "2018-01-13 20:49:45+08:00", "suspect_from": "0xdf282e3ae30e312123981c1b8c3be69bd1c39c0e", "suspect_to": "0x30ed9f47f16e3650fdc620e2d99a02a0db7cf0f5"}
{"type": "eth", "txhash": "0x0f35bc83541fb5fc6e1ae71f9164667fbecab3500a7157f9164508c662a4cffe", "time": "2018-01-13 20:49:45+08:00", "suspect_from": "0xa4dbdf4841bd31af7eeb57e34f323e563d2bebe2", "suspect_to": "0x73f413c3cdd5babc11721610f72eb77e1bcaded4"}
{"type": "eth", "txhash": "0xf2987efb09e9f8872482994156e41f9fefaac114961d428a7663dcd5091d74f4", "time": "2018-01-13 20:49:45+08:00", "suspect_from": "0x823714469f6a32ac10e294ba36329216814b32f7", "suspect_to": "0xe221f73a1e6be7d4d7b3ad8a7ebce77c926a1758"}
{"type": "eth", "txhash": "0xd53131f35a3c5c6c1e19f7dd7ab075c1c90bc35b7658c2d3c3104fe991bced19", "time": "2018-01-13 20:49:45+08:00", "suspect_from": "0x8e2cf0374839d100edfe736539c5884ce62a89d7", "suspect_to": "0x6135a958c384b6b649bbb0b4e7ef5e315031a119"}
{"type": "eth", "txhash": "0x4d71b7462087ad47eb3f4420688ecc748a43e95702ef184f6cf1e6594f9b5c56", "time": "2018-01-13 20:49:45+08:00", "suspect_from": "0x6f976e925ada4fcf0aae7b37e9f21520b3f447b4", "suspect_to": "0x7c2e7ff634413ffa4f7d88d8aba5abf787cda0b5"}
{"type": "eth", "txhash": "0x6044f4a405258514c4a877904fb89fbf310148b84b3ce234976d75f848b487c8", "time": "2018-01-13 20:49:45+08:00", "suspect_from": "0xea8a3a71e488501bd6921305aabe557df718b9b3", "suspect_to": "0x2d1706a8ec9e4a1f21ac6aedc48e170f33506c6a"}
{"type": "eth", "txhash": "0x302c802844b3719155e7edfa3146c78fa53173f95127b69105787b2102cc083e", "time": "2018-01-13 20:49:59+08:00", "suspect_from": "0xb945699637c820f77e9c86c8e91beedfc694430e", "suspect_to": "0xf19acd3a95333058b35ff9d0f9dfa1fe826ed117"}
{"type": "eth", "txhash": "0x489c08fa1aeabe8fa5e35383e86d6a84b50b8d37c788eebe2483cd32e1b0da9c", "time": "2018-01-13 20:49:59+08:00", "suspect_from": "0x8b8decd4f54938cc50b90b8dd0db1e5108d68cf9", "suspect_to": "0xcaff0e653e80cb2cf7a7f5e65ea91674fd2430f9"}
{"type": "eth", "txhash": "0x455eb305e829f9011c04f0ec6184e19e935599e16a0bf47da50ef823bcd5ecff", "time": "2018-01-13 20:49:59+08:00", "suspect_from": "0x02a06d4ffb95d7167a0e8c198c7883ff501cd471", "suspect_to": "0xc87d17a56a85720851e3d9eb140989e78818441c"}
{"type": "eth", "txhash": "0x4a2974b04189a9b28cc7a73ab114d05593c21707e1a4a14030d31c4214cbd464", "time": "2018-01-13 20:49:59+08:00", "suspect_from": "0xe07f49490fac0458555a9a4767712a2174364aab", "suspect_to": "0x3db934f24e0e9fbddba151c08a6352025b865043"}
{"type": "eth", "txhash": "0x51ca44ab5df81590cc7b79b9a24eaafa85371bf14b782d116b68d39f8ff1b135", "time": "2018-01-13 20:49:59+08:00", "suspect_from": "0xc2bf3c55f179af8548bfa636c5e5ad58ab851dd0", "suspect_to": "0x939f1eb4f292620116450ef5a6dfe3d6a734c3b7"}
{"type": "eth", "txhash": "0x9618ee30a57d4a2731bda36fc218b5daf70a88658079cc8e8e84087e6ab08012", "time": "2018-01-13 20:49:59+08:00", "suspect_from": "0x7c89286c8a9c204917caba2190db132790092d95", "suspect_to": "0x424800763be42321fccd6a9019be45c1ede5cbc7"}
{"type": "eth", "txhash": "0xd6e61cac989106ba494f70f0b9bd3feb7409a10d61b658dc752d5ff5438be39c", "time": "2018-01-13 20:49:59+08:00", "suspect_from": "0xb46acc14393fdc2c91294b3b39a0f5a96a5b07b4", "suspect_to": "0x8d231b13679eef273182bb8236bc0da56607b20a"}
{"type": "eth", "txhash": "0xa6f616a8cb19433e4633df73147e81c5ac15aa3e86220cf436336e98195bda3d", "time": "2018-01-13 20:49:59+08:00", "suspect_from": "0xab0870b36227fd0f95b6b3d185e20a1039e9a577", "suspect_to": "0xf670f647587b2bc84ab4c01da94b2b065cf0d5af"}
{"type": "eth", "txhash": "0x334afd27786a4acf0ba777f9e00f6240247254158642edd46cb3f8a03253a7c3", "time": "2018-01-13 20:49:59+08:00", "suspect_from": "0x7666ad25f6c8693e3fa0c4f1f84b761f64042333", "suspect_to": "0xf31ef8b4e7cf057c884739edb7b6a4a366b11428"}
{"type": "eth", "txhash": "0x02bee29f1c54aa0f9e29c9a12dfa4e7e5cc2f6b10649db7fb11fc5dfca543238", "time": "2018-01-13 20:50:21+08:00", "suspect_from": "0x2db2034151bfbe2d4b388965a7e63e0cf5e32a1d", "suspect_to": "0x8d165a9ceacc977c759d477f5148d927304c598d"}
{"type": "eth", "txhash": "0xb0fd03c62f4ffec2cd0380e7c7492acf717e5d938eeaac559949f54437b1bdd4", "time": "2018-01-13 20:50:21+08:00", "suspect_from": "0x4c659b87010a514056f9e6d7b965b3053db74d7b", "suspect_to": "0x99472315e578b2a9ed9aed64a8053026318e4049"}
{"type": "eth", "txhash": "0x3dc46af045ca843e2f225ba5fa5307e8ddc001b3f4ae8cf99af11694561c7b5e", "time": "2018-01-13 20:53:52+08:00", "suspect_from": "0xee777bdb4d15c76c291d7d12212824240cd03a34", "suspect_to": "0x66590acd0b71207adb342cab240a252f209a9d2d"}
{"type": "eth", "txhash": "0x56193340193fbe2a4294a6e6aefb791258012665013fafb4ec4f3ffbd1f1e375", "time": "2018-01-13 20:53:52+08:00", "suspect_from": "0xae50543eaac9ee31ea4f6c894899f7d5349d15c4", "suspect_to": "0x9cb04e18131ddb8225da4e91ac71057251aa65f2"}
{"type": "eth", "txhash": "0x150ce4974d0020cf5b11958d023dc9826501f938eb910191fbd78ebefb162cd0", "time": "2018-01-13 20:54:40+08:00", "suspect_from": "0x626d5886c7df75771ba9cb99aa108fc0b36b1bf9", "suspect_to": "0x06135d550c1658e64e3464a019ee0459f0f9471d"}
{"type": "eth", "txhash": "0x9e67f48ae749ca77a27ccc0edfdb1fa6f3117fdd99ea047cc83ecf3f6a76660a", "time": "2018-01-13 20:54:40+08:00", "suspect_from": "0x7fa1f062ad0b6b04c8405c51e767db606ea62b81", "suspect_to": "0x06b8845c574f85106e4a7c42b86b7c8ccf090b35"}
{"type": "eth", "txhash": "0x74fa194b9eeb6c569eef60022d5311a3558356253c3dafb3eadbdc5802a044d8", "time": "2018-01-13 20:54:40+08:00", "suspect_from": "0xfe82f7c6a869f586d4e0bdcf4346597ce565729a", "suspect_to": "0x29a2273465db80f770e87cb0e5cd94fe68367bbe"}
{"type": "eth", "txhash": "0x0257944ce9e0485d2342c16e143496e1e31045c2d7ad20bfeb047713ada711d4", "time": "2018-01-13 20:54:40+08:00", "suspect_from": "0xdb2cc9fc21401eb17ca814339f459d8f96932264", "suspect_to": "0x80bb359c472d6932ab0c74c223eac050fcf46bde"}
{"type": "eth", "txhash": "0x67e1284ffa6e1d10cd778f80a5764c73dc72bc3eeea36abc8b967663a1f28925", "time": "2018-01-13 20:54:40+08:00", "suspect_from": "0x4bb5d0a37e5abcda8fd919a3c8178849c0b504d1", "suspect_to": "0x0dd631b9de819856372b617f4a773e5c0c4ea67c"}
{"type": "eth", "txhash": "0x87c22a61104b386bc9106640a33f820dcf6fa6da69c6ba157e11b6342895aa40", "time": "2018-01-13 20:54:40+08:00", "suspect_from": "0x6135a958c384b6b649bbb0b4e7ef5e315031a119", "suspect_to": "0xb3d713b107a188505c9348ad2d5acfcd5d3b69ad"}
{"type": "eth", "txhash": "0xf2340355b678fdcdeb12bb636cdfa7e3c1a9c5e34b064a66ae68d0b739b0412f", "time": "2018-01-13 20:54:40+08:00", "suspect_from": "0xec2cb859d5a45c4066c5591e0912c0a7efd54327", "suspect_to": "0xaca4a9627fc315f15a9020cf349ea741afd1a6e4"}
{"type": "eth", "txhash": "0x1a7d3c4807d02995e499f554b803e3551011fb19be25d9ce949ead17205af70c", "time": "2018-01-13 20:54:40+08:00", "suspect_from": "0xfd3bdd07446914a8d99ffc78162b8c085842aff4", "suspect_to": "0x9972bd7f1028fbd1f3004bfe0a403c455b9c96a5"}
{"type": "eth", "txhash": "0x816a0117d173584fc81f8751f7ccb69dfabe95b9496ed4d5508744d7346bf4ef", "time": "2018-01-13 20:54:40+08:00", "suspect_from": "0x7bccf37481bf03b757520976367ee3d386e487d0", "suspect_to": "0xc477f860bcc15edcb6ea9ca394b94496c3f1b792"}
{"type": "eth", "txhash": "0xbb40bbea060b516ac1a8acc5b1432f8378db1d09f5f8c9f7bf47996b50f1a361", "time": "2018-01-13 20:54:40+08:00", "suspect_from": "0x0b7d78a52b6657a25ff9b02248f176dd4a703799", "suspect_to": "0x158163f2eb0feafe79462699767b5c3c112c3808"}
{"type": "eth", "txhash": "0x40e0c4f3a18a0f93824a7dd808393f21c809005312909e68ccaf9fb9384b700d", "time": "2018-01-13 20:54:40+08:00", "suspect_from": "0xf31ef8b4e7cf057c884739edb7b6a4a366b11428", "suspect_to": "0x9a63d39f04695479b33a0966015963d7264e13e3"}
{"type": "eth", "txhash": "0x052a6d2ceedc3693ba20eba126bd83e7451e6bc867231fecfdcbbb9ff448482f", "time": "2018-01-13 20:54:40+08:00", "suspect_from": "0x42e9e7327729630f1ffc3ccc5a923eec78b824f7", "suspect_to": "0x597aff6e855cefaf5aa760631d8b538d7ae882ac"}
{"type": "eth", "txhash": "0x2a42054b0b794724f0136a381de60c34e967c93922ba6bdb3a552c6381b53b88", "time": "2018-01-13 20:54:40+08:00", "suspect_from": "0x298b012b57a2df94e356721e385fb85809c25aaf", "suspect_to": "0xeda837e95d7592b6567db978687deb6a5de7261f"}
{"type": "eth", "txhash": "0x5465ef6ac8e535ee24183a057c27fe80e11860b6247608759dd02c33b3694e13", "time": "2018-01-13 20:54:40+08:00", "suspect_from": "0x7569f6c5732f7eefa72acedec43f1b16de90b3ac", "suspect_to": "0xe453d2d52371e216f550d71035527cbbef340a35"}
{"type": "eth", "txhash": "0x7f0097d60595cea28c80d887d1f730475b0c4f5102376ccc50809b19f17f03d9", "time": "2018-01-13 20:54:40+08:00", "suspect_from": "0x0a2c56a562c8d94447947bc2b0160e69bccf1f47", "suspect_to": "0x15c1aec42e8853702b1d0b7f2825482dd852b0e4"}
{"type": "eth", "txhash": "0x5a8fe1fafce67d42aa9c3850ecd75172249c675421e2f23363e0bfbe440873b4", "time": "2018-01-13 20:54:40+08:00", "suspect_from": "0xa1aac0b09460574d5cc10f9a1675a1612688d43b", "suspect_to": "0x98110fa65621a7fa5eb1f56b70c7d7ed5aad5c54"}
{"type": "eth", "txhash": "0xb3d9d38ef3170cda4394e68a7b5015f7eb98457be437113d49c57295e7aa792d", "time": "2018-01-13 20:54:40+08:00", "suspect_from": "0xeafb39671a8d9c57339d17ee96a9b089ed44ae2e", "suspect_to": "0xeefcd27e179ec981b47340ff8ba64a0ade268fc6"}
{"type": "eth", "txhash": "0x8303486975b361c09e61aea5c44e7f82138b73112dfd94ab799429c3aec062b6", "time": "2018-01-13 20:54:40+08:00", "suspect_from": "0x11be7ddb99efe5e40feaf46708fbf69516d6517f", "suspect_to": "0x068f49156f1f61b6eb04a24146cbae93cd07a4cb"}
{"type": "eth", "txhash": "0x07f28662ee90511212f7d3b3ba92978d7b068ff36f00f5b34f2f8d9bb40ad5ff", "time": "2018-01-13 20:54:40+08:00", "suspect_from": "0xa6272c28832f919a5cb7572baf5fc61aec8df0d8", "suspect_to": "0xfca8b42f253dd9c54b1c60962d8dfd4b76a5b5c8"}
{"type": "eth", "txhash": "0x94e2fa3fa70605a5a4714df7eee823147f51cbd8a4d7fb2fd2b2a88e84484784", "time": "2018-01-13 20:54:40+08:00", "suspect_from": "0x2d1706a8ec9e4a1f21ac6aedc48e170f33506c6a", "suspect_to": "0x4c814c57fcdd1d388339d140a30463bf897c6a02"}
{"type": "eth", "txhash": "0x7f3622392a298cf9365f62edf42b5149e18185993bd5a3ea3ba144b5ae7de421", "time": "2018-01-13 20:54:40+08:00", "suspect_from": "0x94b5bd4af929848b16bb1a86607557f157f11ec9", "suspect_to": "0x103366227d30889929c8b50175eaf1ad5cf753b0"}
{"type": "eth", "txhash": "0x3673cb05fda1735ab5360a18693b7f8e9e506e9044c4f8377503001f4a51efc5", "time": "2018-01-13 20:54:40+08:00", "suspect_from": "0xa6edab30b786a38d26e05b12669d3264f33074bc", "suspect_to": "0x716fb017922da25f8042bd7ed600b146792195ba"}
{"type": "eth", "txhash": "0x6aee7e3a544b53bfb22ad19257a0851d95e229c211d74b0c901105b887f4810e", "time": "2018-01-13 20:54:40+08:00", "suspect_from": "0xe94a573685953a104873a478de45995132fafc16", "suspect_to": "0x9f5e0c5818343bf0cf79ff3bbf8b441935f66a6f"}
{"type": "eth", "txhash": "0xd4fa722e51bf9de4ce3fb4a0954b9e4950713375f22377ddb013cdaee0c9c29d", "time": "2018-01-13 20:54:40+08:00", "suspect_from": "0x2bb05a5dcc51b8da24ff84fff80537c7848e2c7b", "suspect_to": "0x86f1d76218445d145afe006e277ec15809a0b641"}
{"type": "eth", "txhash": "0x36adc6b125e17903516288ac1dd0bf938298a8be9a2e49825434cab3091a9aaf", "time": "2018-01-13 20:54:40+08:00", "suspect_from": "0xfd22a60249d6b99fa189c685f6d1b176d9836822", "suspect_to": "0x0581bcf9c526b9dbb5380b8bd7280e0da4a5e0ff"}
{"type": "eth", "txhash": "0xd310775337a1d87edc5fde81eed1349080f28f12c1035dea6ee4a2c22ac7852f", "time": "2018-01-13 20:54:40+08:00", "suspect_from": "0xe776fea303e4a361b0b0ce9d36dd3d4adc5ee706", "suspect_to": "0xbd384b719c0bf65a31f7c10da2a25cc9529fbb30"}
{"type": "eth", "txhash": "0x7cb2207993c6cd0f15348f599d29f251b39d1530783888303fab1e9f3a397f06", "time": "2018-01-13 20:54:40+08:00", "suspect_from": "0x4a129df06abcfe78e839cab1d504f568a5a201d8", "suspect_to": "0x5c804747c6dc14b94f279c4a8168f3d00467f2a9"}
{"type": "eth", "txhash": "0x199425d1617264ef978293a1acaf10a32624b05b040f7e292044994c72c1aab7", "time": "2018-01-13 20:54:40+08:00", "suspect_from": "0xbce9c059bcb6ab1f9b95a99ecbc509bac92895e2", "suspect_to": "0x70358e54368197429b73a1935a4b662da238f309"}
{"type": "eth", "txhash": "0xde226ead80a14e72a3f50a8f8b7c463e2436ece70c1b2f50eb32b7fb89d9c5f3", "time": "2018-01-13 20:54:40+08:00", "suspect_from": "0x73f413c3cdd5babc11721610f72eb77e1bcaded4", "suspect_to": "0x457d18183215f091bb6e74bf997cdec4f9e679ae"}
{"type": "eth", "txhash": "0x2df7f1cfd0e6ff29ab9b6640315c2b89dc9cfafda72caf07e1a17a54c8a46bdf", "time": "2018-01-13 20:54:40+08:00", "suspect_from": "0x00be04571f46ac84eda111190d4186db2a174347", "suspect_to": "0x1fa44e78f43e915afbfc520431330f9082183593"}
{"type": "eth", "txhash": "0x7eda0ad102e28306bf317618e5b58bd2e3cec20688a6e3c18390423b324445bf", "time": "2018-01-13 20:54:40+08:00", "suspect_from": "0x9ee94fd516ced9d2c6e95a82150a0f592f9530d8", "suspect_to": "0x7c9b9daf6453ef7b6a36ae71d3cae6435a726420"}
{"type": "eth", "txhash": "0x9082ed6ea572db7b1cb118901c0e36f060a002b27f29b72b279e763565240c8a", "time": "2018-01-13 20:54:40+08:00", "suspect_from": "0x70e25dcaaf196d0bc52d59ed297c6ba47d5a764f", "suspect_to": "0x20636b4e4c94c40df87ab45e3afb56fae2fdc79f"}
{"type": "eth", "txhash": "0xe205311b4784f194f3e0cc85b1d285b8d0ba458548fc50478a3661b6405fc132", "time": "2018-01-13 20:54:40+08:00", "suspect_from": "0xdcd0b4d965af564f5464543e4e32221893dec32c", "suspect_to": "0xa237be27da76c252c9fe0cf1e2f254689b315d4b"}
{"type": "eth", "txhash": "0xa3dea2c64b1c275111bcbdc2dcc5e8f8f557bab574d2a70512dff693ad1bab3b", "time": "2018-01-13 20:54:40+08:00", "suspect_from": "0xec467ae59689f7965510b6a6102f0b74fff9d5f9", "suspect_to": "0xc0c8619516e176dba0af9bd39e1d6173304946bf"}
{"type": "eth", "txhash": "0x391cbe1f93fb6f3702048ad2d4a788778e36ea77f15d86404feb86a39287800c", "time": "2018-01-13 20:54:40+08:00", "suspect_from": "0x81f105223fe481096e981ce320632f264bf298c2", "suspect_to": "0x6527fc573d8878dfd5f158fb6c57733665af9e4f"}
{"type": "eth", "txhash": "0x62cab3e4d1d6bb59e33355e1e57b53dcea3afa8d591c2c2f2fe3c636822e65a6", "time": "2018-01-13 20:54:51+08:00", "suspect_from": "0x3f21d77d48faf4e4aa17c02f0efe1a5ee39fabae", "suspect_to": "0x2c7afce3391678e3ea7dc7ec8566a0b9c486d2ac"}
{"type": "eth", "txhash": "0x5a13e2b89c86ce18ed5a1eab4b50afe28fcba8130bb98ed45d8798e8b93e50df", "time": "2018-01-13 20:54:51+08:00", "suspect_from": "0xe221f73a1e6be7d4d7b3ad8a7ebce77c926a1758", "suspect_to": "0xe61742b156e283c0067a5299f4a4305e874a1e42"}
{"type": "eth", "txhash": "0x5e569a1266c96290e5036da2b5c16e9c1708fde7f71d67258d1853cc28d02c9e", "time": "2018-01-13 20:54:51+08:00", "suspect_from": "0xf34d76373d6daeae555c6add2d92a2a3107de3e4", "suspect_to": "0xec98534391c124b018a77c49b92fe990e4f76550"}
{"type": "eth", "txhash": "0xb8bf32e257bd47b1ffa975eb929b3394fa4435f32296dc0752f848fdbfa95cc8", "time": "2018-01-13 20:54:51+08:00", "suspect_from": "0x04d713c1a0bf55c1882ba1d132362c054dee302a", "suspect_to": "0xdc2fbff5816477dff1963a99ad4c73516214d084"}
{"type": "eth", "txhash": "0x1036b3b93a579dfd601079f2e9df41368c5df8146bd3c96e149622b3439918f9", "time": "2018-01-13 20:54:51+08:00", "suspect_from": "0x8dddaa5a68970039513008765caf7c3f10346b49", "suspect_to": "0x31fa09bab00abdc16e10d5bbe34ffe81604ff576"}
{"type": "eth", "txhash": "0x4262fc212fbdf4d07512078254f0aad20f03bc8392ad49a60ae7bb30d4ebb202", "time": "2018-01-13 20:55:09+08:00", "suspect_from": "0xa6ea701bc1313ce518eaa94abd278bb13824d28b", "suspect_to": "0x99c7a6c56e137110ba173cda42491a9879f3424a"}
{"type": "eth", "txhash": "0x63787e6a6ddce779d524cecb720fa7390a00d753640d94d472d1759b8265740d", "time": "2018-01-13 20:55:09+08:00", "suspect_from": "0xda5c0d94d32b0b93cc9c76abd9e257f324298825", "suspect_to": "0xae423dec4d649e5a6360c35606c4c2a1e315adc8"}
{"type": "eth", "txhash": "0xeb1ef3306429fa2ff7a5ca24f203c6cebd66a6cb93cb5d42a4317f125294a471", "time": "2018-01-13 20:55:09+08:00", "suspect_from": "0x63b606d3ecb1ab7e6df9c90a6b0dbf1eb36afea6", "suspect_to": "0xe58650b1ffbd2772c86f7cb0ab7d55b15c282b60"}
{"type": "eth", "txhash": "0xfa430929239d3afb416e1a28de270926fba7816b848937cbb2418147ff122bc0", "time": "2018-01-13 20:55:09+08:00", "suspect_from": "0xbaad2ed544d386559a6b9e8881da29f81655ec46", "suspect_to": "0xd082fcac1ab0648d150b03596955109bb01b8a37"}
{"type": "eth", "txhash": "0xb8d1aaf152540f8c75ab20fc45968099fc4ace2246629477b024b56c059d8e98", "time": "2018-01-13 20:55:09+08:00", "suspect_from": "0x99472315e578b2a9ed9aed64a8053026318e4049", "suspect_to": "0x1fbf01a7ba004afac5d0cdc54f57055ec61c419d"}
{"type": "eth", "txhash": "0x364c85da21c37a44d9e67426e9fbf35732532c6c1cef9b849caef5db3851af9d", "time": "2018-01-13 20:55:09+08:00", "suspect_from": "0xa95815d0e6718b64c3f5c7bdaf09144e9941312e", "suspect_to": "0x0f0c31d77f30037ce3fe3f7056fecce10d33632b"}
{"type": "eth", "txhash": "0x7bf8f0555b121a269be334a33bf211bbf2c793bea083506dd05b8fd01bbd7ca2", "time": "2018-01-13 21:02:40+08:00", "suspect_from": "0x0fd081e3bb178dc45c0cb23202069dda57064258", "suspect_to": "0x8f016fe1ae75477f25eff64d2d5ab6c9d1763cb7"}
{"type": "eth", "txhash": "0x510feabe7f5980038844f557a87fa2606589fa8850e19c31ce59630743b89aa5", "time": "2018-01-13 21:04:03+08:00", "suspect_from": "0x16423435af031caf8f97017c9a4a40b061fb3994", "suspect_to": "0xffb1770b929fdf04c52a0e1506159bab78e65af5"}
{"type": "eth", "txhash": "0xec59823b0e66105787825408c2d9900e2c1a2f558b1292d65b1d4f5de07c5a6d", "time": "2018-01-13 21:04:03+08:00", "suspect_from": "0x6203b97bff6ead5afcb50afd280eee177ab95e74", "suspect_to": "0x05f4ef54875a0dd953168aa5903a6cf3b166ef48"}
{"type": "eth", "txhash": "0xbc03903a8e0aaf0d3f54ea7df0434b12ba59acc054e8564872e667ba9da398ab", "time": "2018-01-13 21:04:03+08:00", "suspect_from": "0xbceab4a1d3173e9c18d7d231b09b711b0bd8632e", "suspect_to": "0x6ec530cbc3b1008b558898b5d95362d7cc898678"}
{"type": "eth", "txhash": "0x1972a8fb2805307f0507df911271a09b89d863d865e5e335d12f5ed248ddcc2a", "time": "2018-01-13 21:04:36+08:00", "suspect_from": "0x97cb60b9d0bc53636374f8c507727ab84dd3a549", "suspect_to": "0x84f157ee03e5d40367a44e7c8d62eccbbf5d21c0"}
{"type": "eth", "txhash": "0xdbe4e25611135a3ff866712a100797aae9e55778b1e0aca3a1a9afe638a6fe6b", "time": "2018-01-13 21:04:36+08:00", "suspect_from": "0xdc0e7e782fa13fb752be6866155a396ee682720c", "suspect_to": "0xd70e9d53886e9b9545d6d8f995d04ee0642b3904"}
{"type": "eth", "txhash": "0x955a5642754bc04e05cad43f25ed76aada79136f5d345ef34fccb17dd1a4a624", "time": "2018-01-13 21:05:33+08:00", "suspect_from": "0x232074ef2cfe7e62b103ff83f36fa3e9965f8359", "suspect_to": "0x3f5ce5fbfe3e9af3971dd833d26ba9b5c936f0be"}
{"type": "eth", "txhash": "0x14978a5413ed2f9382286c8910724b99edbdcbc0ef898b7e66b1bea931278439", "time": "2018-01-13 21:06:54+08:00", "suspect_from": "0xb88247013299b3b55b947525ab4397936e3b3a89", "suspect_to": "0xbc76f162cba3bb4c91fb4a19b44e7e4db7260d8a"}
{"type": "eth", "txhash": "0x59fc008755d2da8f3541d44d476ad90c990c9b0d3151e9c4187ad55889370e9f", "time": "2018-01-13 21:07:12+08:00", "suspect_from": "0xd610d7e34c6dd9d393ed19619b8cb8082501fbe6", "suspect_to": "0x857df95106406732d61aa6f1dfbcc88e8f753bfd"}
{"type": "eth", "txhash": "0x3dcf601b097b3b62806d7a126900b52a76a58b591cf81cb874f5bd41cf4f36ca", "time": "2018-01-13 21:07:12+08:00", "suspect_from": "0xc84ef6e92834a917592a4cdffb3149ea68d7f26e", "suspect_to": "0x738babd95ef1295b5b74a14e59e983be71dece8a"}
{"type": "eth", "txhash": "0xfbb51a07309a2510b84b57192b74f5269e6e998ed49f5f923b3d6a8b26b1d872", "time": "2018-01-13 21:07:12+08:00", "suspect_from": "0x2001b934e4dcddff0cbcdf033b7fb9f172a96609", "suspect_to": "0x80ee6f5b1f155ef21dad620150f74b82d58beea6"}
{"type": "eth", "txhash": "0x52ec153e8997f9922640c9ffb40723b0d5d2d6f857bdc105c30944379f6af2ca", "time": "2018-01-13 21:07:20+08:00", "suspect_from": "0x141a6fd514542cd808f6da7579c871ceab9f6ba5", "suspect_to": "0x4f3e3f802dc8f2f32a54a236419652f7e368b5ae"}
{"type": "eth", "txhash": "0xa6f6f6e2b216088dfa179b512035a1d043e8324fa284077be74423732782ec1b", "time": "2018-01-13 21:07:20+08:00", "suspect_from": "0x65e92cf600644e93255578ff81258f5da4c1a73f", "suspect_to": "0x69e199c88d642145f3dba7fb4667293d745a3733"}
{"type": "eth", "txhash": "0x5cdc3750b5ed10734520bdcbc1da4c5f7fc7313e2e3abb07cd76e64d55803ebb", "time": "2018-01-13 21:07:20+08:00", "suspect_from": "0x895deea91ec9805df582cacf881c70984ff7e74a", "suspect_to": "0xca799173eb1011603dceb4e0afc5bcb5624cc9f7"}
{"type": "eth", "txhash": "0xd7c6f6033bf33b53c30358d30c02e43513908720b7f62c731e5e019a8a2b97ba", "time": "2018-01-13 21:07:20+08:00", "suspect_from": "0xaaac874e5d6a1ac482ca9fb3b2b5b466b637f201", "suspect_to": "0xa2a43e3ec6c5248895b52d39caf5b40f08fa4e54"}
{"type": "eth", "txhash": "0x4850e3c582807c9035821beb4f78f56e0c505356dcc0d0dde777c97e5939d20a", "time": "2018-01-13 21:07:54+08:00", "suspect_from": "0x0c06eda56e66c12b8e1fdcfc7bea918fe639956d", "suspect_to": "0x7b09de4181d575382a18f6d41862a0ca8648f6dd"}
{"type": "eth", "txhash": "0x57c5949ef026a76f1db97a2d71e544d6372d82bb46fc437e117a189794149302", "time": "2018-01-13 21:07:54+08:00", "suspect_from": "0x6802e741d4adef32b0d95aeb1a600fed91c24edd", "suspect_to": "0x8fb3eecd05dada777b9dfc6146cbb5fbb73ca3e8"}
{"type": "eth", "txhash": "0xe789fcf9c764e2936d5bd4c093f59337084c76d7fee6eaaffb5b5ccbbf0d49e9", "time": "2018-01-13 21:07:54+08:00", "suspect_from": "0xbb52060d00cae965f272a2453475ef8046ad9ad0", "suspect_to": "0xa4db9b3bdccff024e5f3ea5915923a5ecfcc17e9"}
{"type": "eth", "txhash": "0x46e09db409910d3e26341b979498df291724dfee590c84d9ef316592824bfbca", "time": "2018-01-13 21:10:00+08:00", "suspect_from": "0xaafdce86e9911320cc7884f173ed5bf6c2e98d00", "suspect_to": "0x7033903e9dfdb06c35272852cbd97a5251ac2014"}
{"type": "eth", "txhash": "0x0f5e78f0269f5d532a1c3749801df9022b75f4f1660704ea0535eb18a4a9d745", "time": "2018-01-13 21:10:16+08:00", "suspect_from": "0x4f75f5a228b6bfd825a212a28e8952853e13c9d5", "suspect_to": "0x207b2f01df0fddd4ba4b7a4198f6fdc62044dc4c"}
{"type": "eth", "txhash": "0x921242512bbfa1150ca40229fd9d7e32bb05a2cf9e77417341980809265ee93e", "time": "2018-01-13 21:20:36+08:00", "suspect_from": "0xb0fbbb6d0e5dfea1b1ec439ca1f5b485cb822afd", "suspect_to": "0xe63e2308ee5e695e2f196503b042c8ea56804b6f"}
{"type": "eth", "txhash": "0x57c91e7e5b652455be37bb9d863743d2a15f30615462e6521ff249b05e157dcc", "time": "2018-01-13 21:23:45+08:00", "suspect_from": "0xe7c2beb3d92ea8a2667302b591c9c4295148229c", "suspect_to": "0xd8d94fa0ff52f32258093e5a70f2877fd4af0117"}
{"type": "eth", "txhash": "0xd9fc6e70ee4287753ed7682f396b43ab4c09670598608965d6f3c564065becb9", "time": "2018-01-13 21:28:49+08:00", "suspect_from": "0x2a556540f8f1edde9568c84d76c62a9d54a114eb", "suspect_to": "0xcbddbf5e30300705ea786c6b7f78a1f3049edfbe"}
{"type": "eth", "txhash": "0x654e8c3068342a56c2b451a4967386ac60a1295ce38acf483461ead0a7f7e28c", "time": "2018-01-13 21:30:28+08:00", "suspect_from": "0xd671d1543b9ecae3091e97b8acac1cf27b394eb7", "suspect_to": "0x4b5e1d488225e147cf6ddab133a8488125834350"}
{"type": "eth", "txhash": "0xec74db76484b3f5a332cb32ba1cefa067d10493ada56803cb2e7c5a2385f92c2", "time": "2018-01-13 21:34:45+08:00", "suspect_from": "0x1c311b4f9853edaf2f055e57f7b94052c3818da8", "suspect_to": "0x87a68e1dbabc98f67059d21f1b5455378f617169"}
{"type": "eth", "txhash": "0x9928850b447cf919dca2788c7f665c159d98b79a143b7bb0f9175faf54494017", "time": "2018-01-13 21:34:45+08:00", "suspect_from": "0xb24d52a09f04251631ef06a7059e722c251dd344", "suspect_to": "0x0d1eca67a400fcd0e46b2c4aa67d380b25fd917c"}
{"type": "eth", "txhash": "0x397be8d7314af2e3705c6f0cf50be6c3654d67836adbec50cf2960d6ce99d8db", "time": "2018-01-13 21:35:01+08:00", "suspect_from": "0x6ce625371e0020c2f6936ad29f7ceb03eab24607", "suspect_to": "0x03ffaaed47b2c2b3b2c639e559dcc885ab50a31c"}
{"type": "eth", "txhash": "0xb58b0d63ca68f9a6bef3376fa12a75b2ed877cf2538b9ecf42073e8da7cf6340", "time": "2018-01-13 21:37:36+08:00", "suspect_from": "0x8f016fe1ae75477f25eff64d2d5ab6c9d1763cb7", "suspect_to": "0xabbb6bebfa05aa13e908eaa492bd7a8343760477"}
{"type": "eth", "txhash": "0xca0cc76954b344384b3df456e0078f7a58f9676a8ab0e84f1c1708fcec784d98", "time": "2018-01-13 21:45:11+08:00", "suspect_from": "0x2ecca0954d43e180b09e0ec32ba79d3db8025ef9", "suspect_to": "0x154f993b972a55a74bbf921eff2a4710f9140c33"}
{"type": "eth", "txhash": "0xfe07c387dc0b93c64f71601a36ddc816ed6092eaa0482547fb36abda6dd6167c", "time": "2018-01-13 21:47:17+08:00", "suspect_from": "0x3f5ce5fbfe3e9af3971dd833d26ba9b5c936f0be", "suspect_to": "0x5a4150698d1db2764501d9067678a4573a6e33b7"}
{"type": "eth", "txhash": "0x64869c93896bdfe522ccb208320bf361c7f0adb78c10743f3a0ec34af69bfa7d", "time": "2018-01-13 21:48:56+08:00", "suspect_from": "0x13d027aa36995cd63fedc937c523f5cbe2dbf2d2", "suspect_to": "0x4b2dd269d8ba3bf5d84d1c44353ad8ae5e71410b"}
{"type": "eth", "txhash": "0x4dbfa2ca3e811cf494c1843503e6c1f32609d2e1b9b17fafd7c66b9446adaa11", "time": "2018-01-13 21:54:47+08:00", "suspect_from": "0x45995bf06e4fc8801668f7d2406ff673182f5f13", "suspect_to": "0x72c083e768efd52281664975a81fd0f102d569c6"}
{"type": "eth", "txhash": "0xe6a27a387b592c259e15de3a1dcd56d5418464fd33c97a3f8f4414e7f239e0ec", "time": "2018-01-13 21:54:47+08:00", "suspect_from": "0x292c60392d8b0e79f6e055fff3f234e516f251d3", "suspect_to": "0xd36a345df24c5f0881ef049aed66e786cf11d45c"}
{"type": "eth", "txhash": "0xdecce791fea0728676cf6b748ac257d296090a6236b86f823774a66a1fadf7fb", "time": "2018-01-13 21:54:47+08:00", "suspect_from": "0x65dda8b0cf66d2b858caf0bd0c1bfa314e806d88", "suspect_to": "0x955be2fbec2ba02ef05081224f604ecf1e518326"}
{"type": "eth", "txhash": "0x4f3e406cb913951a663c5291db3ef139f1e1c648a2948a3b667321b5b5ae63ea", "time": "2018-01-13 21:54:52+08:00", "suspect_from": "0x9abb912ac943911ac13f6462427a4d857ce423ef", "suspect_to": "0x38e01757f37e1c50490ce065cea33a201042f652"}
{"type": "eth", "txhash": "0xab309cce451cd32d03c84ab7bfdca59ddc1438e508d50fc5db229699dc13dc21", "time": "2018-01-13 21:54:52+08:00", "suspect_from": "0xdfe0fd74c17458ddcd0bca1e6156e96a93f1e312", "suspect_to": "0x1cc1739950051e26ab896addff5331302976e572"}
{"type": "eth", "txhash": "0xac83299889c12d60a0dc3dde63e7d0e9f5d80f6664c8cc593d46d8d894e0bfe7", "time": "2018-01-13 21:59:03+08:00", "suspect_from": "0xaa69962f936c7d325e759988f4b84ce474c7917a", "suspect_to": "0x6684c6df888c248cda858c1f14a30db3e65a82d2"}
{"type": "eth", "txhash": "0x75094aceeae328d146e7c8d84d552486675285e77e121794785bc30c3a27b968", "time": "2018-01-13 21:59:03+08:00", "suspect_from": "0xee538ef661af733adc96a267970fea87a9378e24", "suspect_to": "0xef9e0d6796a2132820e16f1e3042139ad77e81a9"}
{"type": "eth", "txhash": "0x4ff79eafd4311aea3426d472c8b9ff59daae4ddf22f91d0dd3bdfe3dadf0b70b", "time": "2018-01-13 21:59:03+08:00", "suspect_from": "0x65693b1bfd541b69fedd8665a5227ab7961a4561", "suspect_to": "0x97662e431757c275c122cd03b66c960041e722b2"}
{"type": "eth", "txhash": "0x82d2f790c9afc20bd86aa1abbadd69c20f96c20284586f3fd9c7b56c6e31f71d", "time": "2018-01-13 22:00:26+08:00", "suspect_from": "0x6f4d027a2335866e4bf7979e7a3e5bf75495906e", "suspect_to": "0xd1de76856d587554ff216702c84ccabdf285f5e4"}
{"type": "eth", "txhash": "0x415d6a2e2e5d3dea8f5b75247b587d7f071fc24c0033dd07234d57f8bef8c4c0", "time": "2018-01-13 22:04:10+08:00", "suspect_from": "0x190a331ef7bcb9fafc4663bd2b20b29fe5cd9d84", "suspect_to": "0x2639b0c4aa3b9f87dc81a7d6c6bbd8cf06db17b3"}
{"type": "eth", "txhash": "0x2e6ecaea3034860293472f0f4800e6a94dd77f309c698dbdc84e1728ac4cd013", "time": "2018-01-13 22:04:10+08:00", "suspect_from": "0x6fa3b34ec1e08ddbc66303829eefc0537ec2c56f", "suspect_to": "0x5e64126a823e27124f45666e38b1901ecffb6e00"}
{"type": "eth", "txhash": "0xfee596cbd254fcb6a5211884fe45a764e91ac36e0986c68007debfee4a60fd88", "time": "2018-01-13 22:04:10+08:00", "suspect_from": "0x7ca983643f392bd08f6d53f7382fec2b7ae19ca2", "suspect_to": "0xb56154e34ebdfd3c5fc7c504d4b96761145cdb44"}
{"type": "eth", "txhash": "0xa849c02814dbc7731ecfddd7e18418a69212046be4df5c6a9bc877a42c040d3c", "time": "2018-01-13 22:04:25+08:00", "suspect_from": "0x53152d689e520bb7f740b7a4743912f62ff710bd", "suspect_to": "0x062b7c04829f947e55f7c58ac977d95c15325039"}
{"type": "eth", "txhash": "0x8bad047ec7a312a153cdfb9f133d6725bc537bdc4297059a10807c573c0b04af", "time": "2018-01-13 22:04:25+08:00", "suspect_from": "0x9f4c5fde1d3e9df5956e4cdd96843f7912befe1f", "suspect_to": "0x0b42fc4222b2f8975451d4473eb045d039d4b0dc"}
{"type": "eth", "txhash": "0x21144bd5031f92648441256ee1ba42cf3a3a849d1b12a2c413ffd114b3131d08", "time": "2018-01-13 22:04:25+08:00", "suspect_from": "0xbccebb529956cca0500de32d69b0b17f9ff4b189", "suspect_to": "0x8ff5c002fce9be805ae7aeefc10e68eec1b83d90"}
{"type": "eth", "txhash": "0xe2fa130d72151a6277cf3fef379817a27179fc83d61e934ec0034d75447aaf62", "time": "2018-01-13 22:04:32+08:00", "suspect_from": "0x93f230beb98660f7180648a354f7858560ed4eec", "suspect_to": "0x44e42907a525fa5cb121025494f16d561c607cc9"}
{"type": "eth", "txhash": "0xfac7ca714646201d381b32dfad6f53cb0946d2f9c845782f0b7dd848a3d6a101", "time": "2018-01-13 22:04:42+08:00", "suspect_from": "0x3e42fc708f4db736a1dc66815c979b8f501c78bc", "suspect_to": "0x0605a566224f557e1c949e7ffb69a19a83a098c8"}
{"type": "eth", "txhash": "0xd6b92bd0d005b78effc8a0c7ad483684889873637eff13174a89c363a1984a20", "time": "2018-01-13 22:04:42+08:00", "suspect_from": "0x8b43aa985c225d945ee9ee4c478c2c043e14b8f4", "suspect_to": "0x24368166516e7b64cd5029d1fa697a476afb621c"}
{"type": "eth", "txhash": "0xb9ca8c4e1a9cee10b1b333480d92efdec44cf53b24cec7cd5f157794bee70a5f", "time": "2018-01-13 22:05:00+08:00", "suspect_from": "0x6e5952432038709fc5fad076ccbe69b582b277b1", "suspect_to": "0xd21324cdb9a33559c477c28c78a7d5f26be70fcf"}
